[14Jun2024 18:22:47.253] [main/INFO] [cpw.mods.modlauncher.Launcher/MODLAUNCHER]: ModLauncher running: args [--launchTarget, forgeclientuserdev, --version, 21.0.0-beta, --assetIndex, asset-index, --assetsDir, C:\Users\rjtub\.gradle\caches\minecraft\assets\1.21, --gameDir, ., --fml.neoForgeVersion, 21.0.0-beta, --fml.fmlVersion, 4.0.1, --fml.mcVersion, 1.21, --fml.neoFormVersion, 20240613.152323]
[14Jun2024 18:22:47.255] [main/INFO] [cpw.mods.modlauncher.Launcher/MODLAUNCHER]: JVM identified as Oracle Corporation Java HotSpot(TM) 64-Bit Server VM 21.0.3+7-LTS-jvmci-23.1-b37
[14Jun2024 18:22:47.256] [main/INFO] [cpw.mods.modlauncher.Launcher/MODLAUNCHER]: ModLauncher 11.0.2+main.4612c65f starting: java version 21.0.3 by Oracle Corporation; OS Windows 11 arch amd64 version 10.0
[14Jun2024 18:22:47.274] [main/DEBUG] [cpw.mods.modlauncher.LaunchServiceHandler/MODLAUNCHER]: Found launch services [minecraft,forgeclient,forgedatauserdev,testharness,forgeserverdev,forgeserveruserdev,forgejunitdev,forgeclientdev,forgeclientuserdev,forgeserver,forgejunituserdev,forgedatadev]
[14Jun2024 18:22:47.288] [main/DEBUG] [cpw.mods.modlauncher.LaunchPluginHandler/MODLAUNCHER]: Found launch plugins: [mixin,slf4jfixer,runtime_enum_extender,accesstransformer,runtimedistcleaner]
[14Jun2024 18:22:47.295] [main/DEBUG] [cpw.mods.modlauncher.TransformationServicesHandler/MODLAUNCHER]: Discovering transformation services
[14Jun2024 18:22:47.299] [main/DEBUG] [net.neoforged.fml.loading.FMLPaths/CORE]: Path GAMEDIR is C:\Users\rjtub\Downloads\HoloScope\both\Pride Moths\Pride Moths Forge\runs\client
[14Jun2024 18:22:47.299] [main/DEBUG] [net.neoforged.fml.loading.FMLPaths/CORE]: Path MODSDIR is C:\Users\rjtub\Downloads\HoloScope\both\Pride Moths\Pride Moths Forge\runs\client\mods
[14Jun2024 18:22:47.299] [main/DEBUG] [net.neoforged.fml.loading.FMLPaths/CORE]: Path CONFIGDIR is C:\Users\rjtub\Downloads\HoloScope\both\Pride Moths\Pride Moths Forge\runs\client\config
[14Jun2024 18:22:47.301] [main/DEBUG] [net.neoforged.fml.loading.FMLPaths/CORE]: Path FMLCONFIG is C:\Users\rjtub\Downloads\HoloScope\both\Pride Moths\Pride Moths Forge\runs\client\config\fml.toml
[14Jun2024 18:22:47.320] [main/WARN] [net.neoforged.fml.loading.FMLConfig/CORE]: Configuration file C:\Users\rjtub\Downloads\HoloScope\both\Pride Moths\Pride Moths Forge\runs\client\config\fml.toml is not correct. Correcting
[14Jun2024 18:22:47.322] [main/INFO] [net.neoforged.fml.loading.FMLConfig/CORE]: Incorrect key [disableConfigWatcher] was corrected from null to false
[14Jun2024 18:22:47.322] [main/INFO] [net.neoforged.fml.loading.FMLConfig/CORE]: Incorrect key [earlyWindowSkipGLVersions] was corrected from null to []
[14Jun2024 18:22:47.323] [main/INFO] [net.neoforged.fml.loading.FMLConfig/CORE]: Incorrect key [earlyWindowSquir] was corrected from null to false
[14Jun2024 18:22:47.329] [main/TRACE] [net.neoforged.fml.loading.FMLConfig/CORE]: Loaded FML config from C:\Users\rjtub\Downloads\HoloScope\both\Pride Moths\Pride Moths Forge\runs\client\config\fml.toml
[14Jun2024 18:22:47.329] [main/TRACE] [net.neoforged.fml.loading.FMLConfig/CORE]: FMLConfig disableConfigWatcher is false
[14Jun2024 18:22:47.329] [main/TRACE] [net.neoforged.fml.loading.FMLConfig/CORE]: FMLConfig earlyWindowControl is true
[14Jun2024 18:22:47.329] [main/TRACE] [net.neoforged.fml.loading.FMLConfig/CORE]: FMLConfig maxThreads is 20
[14Jun2024 18:22:47.329] [main/TRACE] [net.neoforged.fml.loading.FMLConfig/CORE]: FMLConfig versionCheck is true
[14Jun2024 18:22:47.330] [main/TRACE] [net.neoforged.fml.loading.FMLConfig/CORE]: FMLConfig defaultConfigPath is defaultconfigs
[14Jun2024 18:22:47.330] [main/TRACE] [net.neoforged.fml.loading.FMLConfig/CORE]: FMLConfig disableOptimizedDFU is true
[14Jun2024 18:22:47.330] [main/TRACE] [net.neoforged.fml.loading.FMLConfig/CORE]: FMLConfig earlyWindowProvider is fmlearlywindow
[14Jun2024 18:22:47.330] [main/TRACE] [net.neoforged.fml.loading.FMLConfig/CORE]: FMLConfig earlyWindowWidth is 854
[14Jun2024 18:22:47.330] [main/TRACE] [net.neoforged.fml.loading.FMLConfig/CORE]: FMLConfig earlyWindowHeight is 480
[14Jun2024 18:22:47.331] [main/TRACE] [net.neoforged.fml.loading.FMLConfig/CORE]: FMLConfig earlyWindowFBScale is 1
[14Jun2024 18:22:47.331] [main/TRACE] [net.neoforged.fml.loading.FMLConfig/CORE]: FMLConfig earlyWindowMaximized is false
[14Jun2024 18:22:47.331] [main/TRACE] [net.neoforged.fml.loading.FMLConfig/CORE]: FMLConfig earlyWindowSkipGLVersions is []
[14Jun2024 18:22:47.331] [main/TRACE] [net.neoforged.fml.loading.FMLConfig/CORE]: FMLConfig earlyWindowSquir is false
[14Jun2024 18:22:47.338] [main/DEBUG] [net.neoforged.fml.loading.targets.CommonLaunchHandler/CORE]: Got mod coordinates Pride Moths Forge%%C:\Users\rjtub\Downloads\HoloScope\both\Pride Moths\Pride Moths Forge\build\resources\main;Pride Moths Forge%%C:\Users\rjtub\Downloads\HoloScope\both\Pride Moths\Pride Moths Forge\build\classes\java\main from env
[14Jun2024 18:22:47.339] [main/DEBUG] [net.neoforged.fml.loading.targets.CommonLaunchHandler/CORE]: Found supplied mod coordinates [{Pride Moths Forge=[C:\Users\rjtub\Downloads\HoloScope\both\Pride Moths\Pride Moths Forge\build\resources\main, C:\Users\rjtub\Downloads\HoloScope\both\Pride Moths\Pride Moths Forge\build\classes\java\main]}]
[14Jun2024 18:22:47.341] [main/DEBUG] [cpw.mods.modlauncher.TransformationServicesHandler/MODLAUNCHER]: Found additional transformation services from discovery services: 
[14Jun2024 18:22:47.346] [main/INFO] [net.neoforged.fml.loading.ImmediateWindowHandler/]: Loading ImmediateWindowProvider fmlearlywindow
[14Jun2024 18:22:47.417] [main/INFO] [EARLYDISPLAY/]: Trying GL version 4.6
[14Jun2024 18:22:47.543] [main/INFO] [EARLYDISPLAY/]: Requested GL version 4.6 got version 4.6
[14Jun2024 18:22:47.600] [main/DEBUG] [cpw.mods.modlauncher.TransformationServicesHandler/MODLAUNCHER]: Found transformer services : [mixin,mixin-synthetic-package,fml]
[14Jun2024 18:22:47.600] [main/DEBUG] [cpw.mods.modlauncher.TransformationServicesHandler/MODLAUNCHER]: Transformation services loading
[14Jun2024 18:22:47.600] [main/DEBUG] [cpw.mods.modlauncher.TransformationServiceDecorator/MODLAUNCHER]: Loading service mixin
[14Jun2024 18:22:47.601] [main/DEBUG] [cpw.mods.modlauncher.TransformationServiceDecorator/MODLAUNCHER]: Loaded service mixin
[14Jun2024 18:22:47.601] [main/DEBUG] [cpw.mods.modlauncher.TransformationServiceDecorator/MODLAUNCHER]: Loading service mixin-synthetic-package
[14Jun2024 18:22:47.601] [main/DEBUG] [cpw.mods.modlauncher.TransformationServiceDecorator/MODLAUNCHER]: Loaded service mixin-synthetic-package
[14Jun2024 18:22:47.601] [main/DEBUG] [cpw.mods.modlauncher.TransformationServiceDecorator/MODLAUNCHER]: Loading service fml
[14Jun2024 18:22:47.601] [main/DEBUG] [net.neoforged.fml.loading.FMLLoader/CORE]: FML 4.0.1 loading
[14Jun2024 18:22:47.601] [main/DEBUG] [net.neoforged.fml.loading.FMLLoader/CORE]: FML found ModLauncher version : 11.0.2+main.4612c65f
[14Jun2024 18:22:47.602] [main/DEBUG] [net.neoforged.fml.loading.FMLLoader/CORE]: FML found AccessTransformer version : 10.0.1+139da711
[14Jun2024 18:22:47.602] [main/DEBUG] [net.neoforged.fml.loading.FMLLoader/CORE]: FML found EventBus version : null
[14Jun2024 18:22:47.602] [main/DEBUG] [net.neoforged.fml.loading.FMLLoader/CORE]: Found Runtime Dist Cleaner
[14Jun2024 18:22:47.602] [main/DEBUG] [cpw.mods.modlauncher.TransformationServiceDecorator/MODLAUNCHER]: Loaded service fml
[14Jun2024 18:22:47.603] [main/DEBUG] [cpw.mods.modlauncher.TransformationServicesHandler/MODLAUNCHER]: Configuring option handling for services
[14Jun2024 18:22:47.614] [main/DEBUG] [net.neoforged.fml.loading.FMLServiceProvider/CORE]: Received command line version data  : VersionInfo[neoForgeVersion=21.0.0-beta, fmlVersion=4.0.1, mcVersion=1.21, neoFormVersion=20240613.152323]
[14Jun2024 18:22:47.614] [main/DEBUG] [cpw.mods.modlauncher.TransformationServicesHandler/MODLAUNCHER]: Transformation services initializing
[14Jun2024 18:22:47.614] [main/DEBUG] [cpw.mods.modlauncher.TransformationServiceDecorator/MODLAUNCHER]: Initializing transformation service mixin
[14Jun2024 18:22:47.621] [main/DEBUG] [mixin/]: MixinService [ModLauncher] was successfully booted in cpw.mods.cl.ModuleClassLoader@5762806e
[14Jun2024 18:22:47.629] [main/INFO] [mixin/]: SpongePowered MIXIN Subsystem Version=0.8.5 Source=union:/C:/Users/rjtub/.gradle/caches/modules-2/files-2.1/net.fabricmc/sponge-mixin/0.13.4+mixin.0.8.5/8adf0cff1795a169141b9e16ad7b9f6e2527a990/sponge-mixin-0.13.4+mixin.0.8.5.jar%23136!/ Service=ModLauncher Env=CLIENT
[14Jun2024 18:22:47.632] [main/DEBUG] [mixin/]: Initialising Mixin Platform Manager
[14Jun2024 18:22:47.632] [main/DEBUG] [mixin/]: Adding mixin platform agents for container ModLauncher Root Container(ModLauncher:4f56a0a2)
[14Jun2024 18:22:47.632] [main/DEBUG] [mixin/]: Instancing new MixinPlatformAgentMinecraftForge for ModLauncher Root Container(ModLauncher:4f56a0a2)
[14Jun2024 18:22:47.633] [main/DEBUG] [mixin/]: MixinPlatformAgentMinecraftForge rejected container ModLauncher Root Container(ModLauncher:4f56a0a2)
[14Jun2024 18:22:47.633] [main/DEBUG] [mixin/]: Instancing new MixinPlatformAgentDefault for ModLauncher Root Container(ModLauncher:4f56a0a2)
[14Jun2024 18:22:47.633] [main/DEBUG] [mixin/]: MixinPlatformAgentDefault accepted container ModLauncher Root Container(ModLauncher:4f56a0a2)
[14Jun2024 18:22:47.635] [main/DEBUG] [cpw.mods.modlauncher.TransformationServiceDecorator/MODLAUNCHER]: Initialized transformation service mixin
[14Jun2024 18:22:47.635] [main/DEBUG] [cpw.mods.modlauncher.TransformationServiceDecorator/MODLAUNCHER]: Initializing transformation service mixin-synthetic-package
[14Jun2024 18:22:47.635] [main/DEBUG] [cpw.mods.modlauncher.TransformationServiceDecorator/MODLAUNCHER]: Initialized transformation service mixin-synthetic-package
[14Jun2024 18:22:47.635] [main/DEBUG] [cpw.mods.modlauncher.TransformationServiceDecorator/MODLAUNCHER]: Initializing transformation service fml
[14Jun2024 18:22:47.635] [main/DEBUG] [net.neoforged.fml.loading.FMLServiceProvider/CORE]: Setting up basic FML game directories
[14Jun2024 18:22:47.636] [main/DEBUG] [net.neoforged.fml.loading.FMLPaths/CORE]: Path GAMEDIR is C:\Users\rjtub\Downloads\HoloScope\both\Pride Moths\Pride Moths Forge\runs\client
[14Jun2024 18:22:47.636] [main/DEBUG] [net.neoforged.fml.loading.FMLPaths/CORE]: Path MODSDIR is C:\Users\rjtub\Downloads\HoloScope\both\Pride Moths\Pride Moths Forge\runs\client\mods
[14Jun2024 18:22:47.637] [main/DEBUG] [net.neoforged.fml.loading.FMLPaths/CORE]: Path CONFIGDIR is C:\Users\rjtub\Downloads\HoloScope\both\Pride Moths\Pride Moths Forge\runs\client\config
[14Jun2024 18:22:47.637] [main/DEBUG] [net.neoforged.fml.loading.FMLPaths/CORE]: Path FMLCONFIG is C:\Users\rjtub\Downloads\HoloScope\both\Pride Moths\Pride Moths Forge\runs\client\config\fml.toml
[14Jun2024 18:22:47.637] [main/DEBUG] [net.neoforged.fml.loading.FMLServiceProvider/CORE]: Loading configuration
[14Jun2024 18:22:47.641] [main/TRACE] [net.neoforged.fml.loading.FMLConfig/CORE]: Loaded FML config from C:\Users\rjtub\Downloads\HoloScope\both\Pride Moths\Pride Moths Forge\runs\client\config\fml.toml
[14Jun2024 18:22:47.641] [main/TRACE] [net.neoforged.fml.loading.FMLConfig/CORE]: FMLConfig disableConfigWatcher is false
[14Jun2024 18:22:47.641] [main/TRACE] [net.neoforged.fml.loading.FMLConfig/CORE]: FMLConfig earlyWindowControl is true
[14Jun2024 18:22:47.642] [main/TRACE] [net.neoforged.fml.loading.FMLConfig/CORE]: FMLConfig maxThreads is 20
[14Jun2024 18:22:47.642] [main/TRACE] [net.neoforged.fml.loading.FMLConfig/CORE]: FMLConfig versionCheck is true
[14Jun2024 18:22:47.642] [main/TRACE] [net.neoforged.fml.loading.FMLConfig/CORE]: FMLConfig defaultConfigPath is defaultconfigs
[14Jun2024 18:22:47.642] [main/TRACE] [net.neoforged.fml.loading.FMLConfig/CORE]: FMLConfig disableOptimizedDFU is true
[14Jun2024 18:22:47.642] [main/TRACE] [net.neoforged.fml.loading.FMLConfig/CORE]: FMLConfig earlyWindowProvider is fmlearlywindow
[14Jun2024 18:22:47.642] [main/TRACE] [net.neoforged.fml.loading.FMLConfig/CORE]: FMLConfig earlyWindowWidth is 854
[14Jun2024 18:22:47.642] [main/TRACE] [net.neoforged.fml.loading.FMLConfig/CORE]: FMLConfig earlyWindowHeight is 480
[14Jun2024 18:22:47.642] [main/TRACE] [net.neoforged.fml.loading.FMLConfig/CORE]: FMLConfig earlyWindowFBScale is 1
[14Jun2024 18:22:47.642] [main/TRACE] [net.neoforged.fml.loading.FMLConfig/CORE]: FMLConfig earlyWindowMaximized is false
[14Jun2024 18:22:47.642] [main/TRACE] [net.neoforged.fml.loading.FMLConfig/CORE]: FMLConfig earlyWindowSkipGLVersions is []
[14Jun2024 18:22:47.642] [main/TRACE] [net.neoforged.fml.loading.FMLConfig/CORE]: FMLConfig earlyWindowSquir is false
[14Jun2024 18:22:47.645] [main/DEBUG] [net.neoforged.fml.loading.LaunchContext/SCAN]: Located paths when launch context was created: [C:\Users\rjtub\.gradle\caches\modules-2\files-2.1\com.mojang\brigadier\1.2.9\73e324f2ee541493a5179abf367237faa782ed21\brigadier-1.2.9.jar, C:\Users\rjtub\.gradle\caches\modules-2\files-2.1\org.lwjgl\lwjgl-freetype\3.3.3\a0db6c84a8becc8ca05f9dbfa985edc348a824c7\lwjgl-freetype-3.3.3.jar, C:\Users\rjtub\.gradle\caches\modules-2\files-2.1\org.apache.logging.log4j\log4j-slf4j2-impl\2.22.1\d7e6693c2606cb7e7335047d7bb96dec52db5665\log4j-slf4j2-impl-2.22.1.jar, C:\Users\rjtub\.gradle\caches\modules-2\files-2.1\com.google.guava\failureaccess\1.0.1\1dcf1de382a0bf95a3d8b0849546c88bac1292c9\failureaccess-1.0.1.jar, C:\Users\rjtub\.gradle\caches\modules-2\files-2.1\net.minecraftforge\unsafe\0.2.0\54d7a0a5e8fdb71b973025caa46f341ae5904f39\unsafe-0.2.0.jar, C:\Users\rjtub\.gradle\caches\modules-2\files-2.1\org.apache.maven\maven-artifact\3.8.5\4433f50c07debefaed0553bd0068f4f48d449313\maven-artifact-3.8.5.jar, C:\Users\rjtub\.gradle\caches\modules-2\files-2.1\net.neoforged.fancymodloader\earlydisplay\4.0.1\305d5c40b62890e9a862f92cab8dff3080446c80\earlydisplay-4.0.1.jar, C:\Users\rjtub\.gradle\caches\modules-2\files-2.1\com.mojang\patchy\2.2.10\da05971b07cbb379d002cf7eaec6a2048211fefc\patchy-2.2.10.jar, C:\Users\rjtub\.gradle\caches\modules-2\files-2.1\org.codehaus.plexus\plexus-utils\3.3.0\cf43b5391de623b36fe066a21127baef82c64022\plexus-utils-3.3.0.jar, C:\Users\rjtub\.gradle\caches\modules-2\files-2.1\org.lwjgl\lwjgl\3.3.3\9e670718e050aeaeea0c2d5b907cffb142f2e58f\lwjgl-3.3.3-natives-windows-x86.jar, C:\Users\rjtub\.gradle\caches\modules-2\files-2.1\com.mojang\authlib\6.0.54\de8bc95660e1b2fe8793fd427a7a10dcec5b3ea7\authlib-6.0.54.jar, C:\Users\rjtub\.gradle\caches\modules-2\files-2.1\org.slf4j\slf4j-api\2.0.9\7cf2726fdcfbc8610f9a71fb3ed639871f315340\slf4j-api-2.0.9.jar, C:\Users\rjtub\.gradle\caches\modules-2\files-2.1\org.lwjgl\lwjgl-opengl\3.3.3\2f6b0147078396a58979125a4c947664e98293a\lwjgl-opengl-3.3.3.jar, C:\Users\rjtub\.gradle\caches\modules-2\files-2.1\io.netty\netty-transport-classes-epoll\4.1.97.Final\795da37ded759e862457a82d9d92c4d39ce8ecee\netty-transport-classes-epoll-4.1.97.Final.jar, C:\Users\rjtub\.gradle\caches\modules-2\files-2.1\org.jline\jline-terminal\3.12.1\c777448314e050d980a6b697c140f3bfe9eb7416\jline-terminal-3.12.1.jar, C:\Users\rjtub\.gradle\caches\modules-2\files-2.1\net.neoforged\JarJarMetadata\0.4.1\f8da03683dc81694556dc3e177c5e3bb77ae6fcb\JarJarMetadata-0.4.1.jar, C:\Users\rjtub\.gradle\caches\modules-2\files-2.1\ca.weblite\java-objc-bridge\1.1\1227f9e0666314f9de41477e3ec277e542ed7f7b\java-objc-bridge-1.1.jar, C:\Users\rjtub\.gradle\caches\modules-2\files-2.1\net.neoforged\accesstransformers\10.0.1\fd83b5725f76eae9115e9355fa1c456a6a441400\accesstransformers-10.0.1.jar, C:\Users\rjtub\.gradle\caches\modules-2\files-2.1\com.google.guava\guava\32.1.2-jre\5e64ec7e056456bef3a4bc4c6fdaef71e8ab6318\guava-32.1.2-jre.jar, C:\Users\rjtub\.gradle\caches\modules-2\files-2.1\org.apache.commons\commons-compress\1.26.0\659feffdd12280201c8aacb8f7be94f9a883c824\commons-compress-1.26.0.jar, C:\Users\rjtub\.gradle\caches\modules-2\files-2.1\net.java.dev.jna\jna-platform\5.14.0\28934d48aed814f11e4c584da55c49fa7032b31b\jna-platform-5.14.0.jar, C:\Users\rjtub\.gradle\caches\modules-2\files-2.1\com.ibm.icu\icu4j\73.2\61ad4ef7f9131fcf6d25c34b817f90d6da06c9e9\icu4j-73.2.jar, C:\Users\rjtub\.gradle\caches\modules-2\files-2.1\com.github.oshi\oshi-core\6.4.10\b1d8ab82d11d92fd639b56d639f8f46f739dd5fa\oshi-core-6.4.10.jar, C:\Users\rjtub\.gradle\caches\modules-2\files-2.1\org.lwjgl\lwjgl\3.3.3\29589b5f87ed335a6c7e7ee6a5775f81f97ecb84\lwjgl-3.3.3.jar, C:\Users\rjtub\.gradle\caches\modules-2\files-2.1\org.antlr\antlr4-runtime\4.13.1\17125bae1d965624e265ef49552f6465a2bfa307\antlr4-runtime-4.13.1.jar, C:\Users\rjtub\.gradle\caches\modules-2\files-2.1\org.lwjgl\lwjgl-glfw\3.3.3\efa1eb78c5ccd840e9f329717109b5e892d72f8e\lwjgl-glfw-3.3.3.jar, C:\Users\rjtub\.gradle\caches\modules-2\files-2.1\io.netty\netty-buffer\4.1.97.Final\f8f3d8644afa5e6e1a40a3a6aeb9d9aa970ecb4f\netty-buffer-4.1.97.Final.jar, C:\Users\rjtub\.gradle\caches\modules-2\files-2.1\net.minecrell\terminalconsoleappender\1.2.0\96d02cd3b384ff015a8fef4223bcb4ccf1717c95\terminalconsoleappender-1.2.0.jar, C:\Users\rjtub\.gradle\caches\modules-2\files-2.1\commons-codec\commons-codec\1.16.0\4e3eb3d79888d76b54e28b350915b5dc3919c9de\commons-codec-1.16.0.jar, C:\Users\rjtub\.gradle\caches\modules-2\files-2.1\net.minecraftforge\srgutils\0.4.15\ca408b131759478f164e010fae0d73997e125fb5\srgutils-0.4.15.jar, C:\Users\rjtub\.gradle\caches\modules-2\files-2.1\net.neoforged\bus\8.0.1\9df0ed904cec279eb33ca6df420f6f82706ebb4c\bus-8.0.1.jar, C:\Users\rjtub\.gradle\caches\modules-2\files-2.1\org.lwjgl\lwjgl-opengl\3.3.3\65e956d3735a1abdc82eff4baec1b61174697d4b\lwjgl-opengl-3.3.3-natives-windows-arm64.jar, C:\Users\rjtub\.gradle\caches\modules-2\files-2.1\com.google.errorprone\error_prone_annotations\2.18.0\89b684257096f548fa39a7df9fdaa409d4d4df91\error_prone_annotations-2.18.0.jar, C:\Users\rjtub\.gradle\caches\modules-2\files-2.1\io.netty\netty-resolver\4.1.97.Final\cec8348108dc76c47cf87c669d514be52c922144\netty-resolver-4.1.97.Final.jar, C:\Users\rjtub\.gradle\caches\modules-2\files-2.1\com.electronwill.night-config\toml\3.6.4\51d6cefb2b55ee55ee26b16391212fb2c7dfb4f4\toml-3.6.4.jar, C:\Users\rjtub\.gradle\caches\modules-2\files-2.1\org.lwjgl\lwjgl-stb\3.3.3\25dd6161988d7e65f71d5065c99902402ee32746\lwjgl-stb-3.3.3.jar, C:\Users\rjtub\.gradle\caches\modules-2\files-2.1\net.neoforged\mergetool\2.0.3\1275202cbbb248f49345cf6787ce299afd9a02fb\mergetool-2.0.3-api.jar, C:\Users\rjtub\.gradle\caches\modules-2\files-2.1\org.openjdk.nashorn\nashorn-core\15.4\f67f5ffaa5f5130cf6fb9b133da00c7df3b532a5\nashorn-core-15.4.jar, C:\Users\rjtub\.gradle\caches\modules-2\files-2.1\io.netty\netty-transport\4.1.97.Final\f37380d23c9bb079bc702910833b2fd532c9abd0\netty-transport-4.1.97.Final.jar, C:\Users\rjtub\.gradle\caches\modules-2\files-2.1\commons-io\commons-io\2.15.1\f11560da189ab563a5c8e351941415430e9304ea\commons-io-2.15.1.jar, C:\Users\rjtub\.gradle\caches\modules-2\files-2.1\org.checkerframework\checker-qual\3.33.0\de2b60b62da487644fc11f734e73c8b0b431238f\checker-qual-3.33.0.jar, C:\Users\rjtub\.gradle\caches\modules-2\files-2.1\org.apache.httpcomponents\httpclient\4.5.13\e5f6cae5ca7ecaac1ec2827a9e2d65ae2869cada\httpclient-4.5.13.jar, C:\Users\rjtub\.gradle\caches\modules-2\files-2.1\org.lwjgl\lwjgl-openal\3.3.3\daada81ceb5fc0c291fbfdd4433cb8d9423577f2\lwjgl-openal-3.3.3.jar, C:\Users\rjtub\Downloads\HoloScope\both\Pride Moths\Pride Moths Forge\.gradle\repositories\ng_dummy_ng\net\minecraft\client\1.21\client-1.21-client-extra.jar, C:\Users\rjtub\.gradle\caches\modules-2\files-2.1\net.java.dev.jna\jna\5.14.0\67bf3eaea4f0718cb376a181a629e5f88fa1c9dd\jna-5.14.0.jar, C:\Users\rjtub\.gradle\caches\modules-2\files-2.1\io.netty\netty-transport-native-unix-common\4.1.97.Final\d469d84265ab70095b01b40886cabdd433b6e664\netty-transport-native-unix-common-4.1.97.Final.jar, C:\Users\rjtub\.gradle\caches\modules-2\files-2.1\org.lwjgl\lwjgl-jemalloc\3.3.3\426222fc027602a5f21b9c0fe79cde6a4c7a011f\lwjgl-jemalloc-3.3.3-natives-windows.jar, C:\Users\rjtub\.gradle\caches\modules-2\files-2.1\org.joml\joml\1.10.5\22566d58af70ad3d72308bab63b8339906deb649\joml-1.10.5.jar, C:\Users\rjtub\.gradle\caches\modules-2\files-2.1\com.mojang\blocklist\1.0.10\5c685c5ffa94c4cd39496c7184c1d122e515ecef\blocklist-1.0.10.jar, C:\Users\rjtub\.gradle\caches\modules-2\files-2.1\org.lwjgl\lwjgl-stb\3.3.3\1d9facdf6541de114b0f963be33505b7679c78cb\lwjgl-stb-3.3.3-natives-windows.jar, C:\Users\rjtub\.gradle\caches\modules-2\files-2.1\cpw.mods\modlauncher\11.0.2\87260bdd037c8cca573b21850214c7def5b78bcc\modlauncher-11.0.2.jar, C:\Users\rjtub\.gradle\caches\modules-2\files-2.1\org.apache.logging.log4j\log4j-core\2.22.1\7183a25510a02ad00cc6a95d3b3d2a7d3c5a8dc4\log4j-core-2.22.1.jar, C:\Users\rjtub\.gradle\caches\modules-2\files-2.1\org.lwjgl\lwjgl-openal\3.3.3\87b8d5050e3adb46bb58fe1cb2669a4a48fce10d\lwjgl-openal-3.3.3-natives-windows-x86.jar, C:\Users\rjtub\.gradle\caches\modules-2\files-2.1\com.mojang\text2speech\1.17.9\3cad216e3a7f0c19b4b394388bc9ffc446f13b14\text2speech-1.17.9.jar, C:\Users\rjtub\.gradle\caches\modules-2\files-2.1\net.neoforged\JarJarSelector\0.4.1\fb3cc7a58af22ad2880adb98af6d518128c47dae\JarJarSelector-0.4.1.jar, C:\Users\rjtub\.gradle\caches\modules-2\files-2.1\net.neoforged.fancymodloader\loader\4.0.1\f0f710dfa4703254137fcfa892a0ed67f66aeb50\loader-4.0.1.jar, C:\Users\rjtub\.gradle\caches\modules-2\files-2.1\org.jcraft\jorbis\0.0.17\8872d22b293e8f5d7d56ff92be966e6dc28ebdc6\jorbis-0.0.17.jar, C:\Users\rjtub\.gradle\caches\modules-2\files-2.1\org.lwjgl\lwjgl-glfw\3.3.3\32334f3fd5270a59bad9939a93115acb6de36dcf\lwjgl-glfw-3.3.3-natives-windows-x86.jar, C:\Users\rjtub\.gradle\caches\modules-2\files-2.1\it.unimi.dsi\fastutil\8.5.12\c24946d46824bd528054bface3231d2ecb7e95e8\fastutil-8.5.12.jar, C:\Users\rjtub\.gradle\caches\modules-2\files-2.1\io.netty\netty-handler\4.1.97.Final\abb86c6906bf512bf2b797a41cd7d2e8d3cd7c36\netty-handler-4.1.97.Final.jar, C:\Users\rjtub\.gradle\caches\modules-2\files-2.1\org.lwjgl\lwjgl-jemalloc\3.3.3\b543467b7ff3c6920539a88ee602d34098628be5\lwjgl-jemalloc-3.3.3.jar, C:\Users\rjtub\.gradle\caches\modules-2\files-2.1\commons-logging\commons-logging\1.2\4bfc12adfe4842bf07b657f0369c4cb522955686\commons-logging-1.2.jar, C:\Users\rjtub\.gradle\caches\modules-2\files-2.1\com.google.j2objc\j2objc-annotations\2.8\c85270e307e7b822f1086b93689124b89768e273\j2objc-annotations-2.8.jar, C:\Users\rjtub\.gradle\caches\modules-2\files-2.1\org.lz4\lz4-java\1.8.0\4b986a99445e49ea5fbf5d149c4b63f6ed6c6780\lz4-java-1.8.0.jar, C:\Users\rjtub\.gradle\caches\modules-2\files-2.1\net.jodah\typetools\0.6.3\a01aaa6ddaea9ec07ec4f209487b7a46a526283a\typetools-0.6.3.jar, C:\Users\rjtub\.gradle\caches\modules-2\files-2.1\com.google.code.gson\gson\2.10.1\b3add478d4382b78ea20b1671390a858002feb6c\gson-2.10.1.jar, C:\Users\rjtub\.gradle\caches\modules-2\files-2.1\org.apache.httpcomponents\httpcore\4.4.16\51cf043c87253c9f58b539c9f7e44c8894223850\httpcore-4.4.16.jar, C:\Users\rjtub\.gradle\caches\modules-2\files-2.1\com.mojang\datafixerupper\8.0.16\67d4de6d7f95d89bcf5862995fb854ebaec02a34\datafixerupper-8.0.16.jar, C:\Users\rjtub\.gradle\caches\modules-2\files-2.1\com.machinezoo.noexception\noexception\1.7.1\b65330c98e38a1f915fa54a6e5eca496505e3f0a\noexception-1.7.1.jar, C:\Users\rjtub\.gradle\caches\modules-2\files-2.1\io.netty\netty-codec\4.1.97.Final\384ba4d75670befbedb45c4d3b497a93639c206d\netty-codec-4.1.97.Final.jar, C:\Users\rjtub\.gradle\caches\modules-2\files-2.1\net.neoforged.accesstransformers\at-modlauncher\10.0.1\5aba50202aceead086bc09fbc2751c9f05cb4890\at-modlauncher-10.0.1.jar, C:\Users\rjtub\.gradle\caches\modules-2\files-2.1\io.netty\netty-common\4.1.97.Final\7cceacaf11df8dc63f23d0fb58e9d4640fc88404\netty-common-4.1.97.Final.jar, C:\Users\rjtub\.gradle\caches\modules-2\files-2.1\org.lwjgl\lwjgl-tinyfd\3.3.3\a6697981b0449a5087c1d546fc08b4f73e8f98c9\lwjgl-tinyfd-3.3.3-natives-windows.jar, C:\Users\rjtub\.gradle\caches\modules-2\files-2.1\org.apache.commons\commons-lang3\3.14.0\1ed471194b02f2c6cb734a0cd6f6f107c673afae\commons-lang3-3.14.0.jar, C:\Users\rjtub\.gradle\caches\modules-2\files-2.1\net.neoforged\neoform\1.21-20240613.152323\6293c1a6b9b053ea4e41ac2fe03a3342486d45b1\neoform-1.21-20240613.152323.zip, C:\Users\rjtub\.gradle\caches\modules-2\files-2.1\org.jline\jline-reader\3.12.1\4382ab1382c7b6f379377ed5f665dc2f6e1218bc\jline-reader-3.12.1.jar, C:\Users\rjtub\.gradle\caches\modules-2\files-2.1\net.sf.jopt-simple\jopt-simple\5.0.4\4fdac2fbe92dfad86aa6e9301736f6b4342a3f5c\jopt-simple-5.0.4.jar, C:\Users\rjtub\.gradle\caches\modules-2\files-2.1\com.google.guava\listenablefuture\9999.0-empty-to-avoid-conflict-with-guava\b421526c5f297295adef1c886e5246c39d4ac629\listenablefuture-9999.0-empty-to-avoid-conflict-with-guava.jar, C:\Users\rjtub\.gradle\caches\modules-2\files-2.1\org.lwjgl\lwjgl-freetype\3.3.3\15a8c1de7f51d07a92eae7ce1222557073a0c0c3\lwjgl-freetype-3.3.3-natives-windows-x86.jar, C:\Users\rjtub\.gradle\caches\modules-2\files-2.1\com.google.code.findbugs\jsr305\3.0.2\25ea2e8b0c338a877313bd4672d3fe056ea78f0d\jsr305-3.0.2.jar, C:\Users\rjtub\.gradle\caches\modules-2\files-2.1\org.lwjgl\lwjgl-tinyfd\3.3.3\82d755ca94b102e9ca77283b9e2dc46d1b15fbe5\lwjgl-tinyfd-3.3.3.jar, C:\Users\rjtub\.gradle\caches\modules-2\files-2.1\com.electronwill.night-config\core\3.6.4\510f174abbf1c947494db50ef2445683bd52c230\core-3.6.4.jar, C:\Users\rjtub\.gradle\caches\modules-2\files-2.1\com.mojang\logging\1.2.7\24cb95ffb0e3433fd6e844c04e68009e504ca1c0\logging-1.2.7.jar, C:\Users\rjtub\.gradle\caches\modules-2\files-2.1\org.apache.logging.log4j\log4j-api\2.22.1\bea6fede6328fabafd7e68363161a7ea6605abd1\log4j-api-2.22.1.jar, C:\Users\rjtub\.gradle\caches\modules-2\files-2.1\net.fabricmc\sponge-mixin\0.13.4+mixin.0.8.5\8adf0cff1795a169141b9e16ad7b9f6e2527a990\sponge-mixin-0.13.4+mixin.0.8.5.jar, C:\Users\rjtub\.gradle\caches\modules-2\files-2.1\net.neoforged\coremods\7.0.3\9147e6f638b4272b3bd5fc8f92ad37802512c6c\coremods-7.0.3.jar, C:\Users\rjtub\.gradle\caches\modules-2\files-2.1\org.jetbrains\annotations\24.1.0\7af6a669488450c4a07c2c3254e2151df42d7d04\annotations-24.1.0.jar]
[14Jun2024 18:22:47.645] [main/DEBUG] [net.neoforged.fml.loading.FMLServiceProvider/CORE]: Preparing launch handler
[14Jun2024 18:22:47.645] [main/DEBUG] [net.neoforged.fml.loading.FMLLoader/CORE]: Using forgeclientuserdev as launch service
[14Jun2024 18:22:47.646] [main/DEBUG] [net.neoforged.fml.common.asm.RuntimeDistCleaner/DISTXFORM]: Configuring for Dist CLIENT
[14Jun2024 18:22:47.647] [main/DEBUG] [cpw.mods.modlauncher.TransformationServiceDecorator/MODLAUNCHER]: Initialized transformation service fml
[14Jun2024 18:22:47.648] [main/DEBUG] [cpw.mods.modlauncher.TransformationServicesHandler/MODLAUNCHER]: Transformation services begin scanning
[14Jun2024 18:22:47.648] [main/DEBUG] [cpw.mods.modlauncher.TransformationServiceDecorator/MODLAUNCHER]: Beginning scan trigger - transformation service mixin
[14Jun2024 18:22:47.649] [main/DEBUG] [cpw.mods.modlauncher.TransformationServiceDecorator/MODLAUNCHER]: End scan trigger - transformation service mixin
[14Jun2024 18:22:47.649] [main/DEBUG] [cpw.mods.modlauncher.TransformationServiceDecorator/MODLAUNCHER]: Beginning scan trigger - transformation service mixin-synthetic-package
[14Jun2024 18:22:47.704] [main/DEBUG] [cpw.mods.modlauncher.TransformationServiceDecorator/MODLAUNCHER]: End scan trigger - transformation service mixin-synthetic-package
[14Jun2024 18:22:47.705] [main/DEBUG] [cpw.mods.modlauncher.TransformationServiceDecorator/MODLAUNCHER]: Beginning scan trigger - transformation service fml
[14Jun2024 18:22:47.705] [main/DEBUG] [net.neoforged.fml.loading.FMLServiceProvider/CORE]: Initiating mod scan
[14Jun2024 18:22:47.707] [main/DEBUG] [net.neoforged.fml.loading.targets.CommonLaunchHandler/CORE]: Got mod coordinates Pride Moths Forge%%C:\Users\rjtub\Downloads\HoloScope\both\Pride Moths\Pride Moths Forge\build\resources\main;Pride Moths Forge%%C:\Users\rjtub\Downloads\HoloScope\both\Pride Moths\Pride Moths Forge\build\classes\java\main from env
[14Jun2024 18:22:47.708] [main/DEBUG] [net.neoforged.fml.loading.targets.CommonLaunchHandler/CORE]: Found supplied mod coordinates [{Pride Moths Forge=[C:\Users\rjtub\Downloads\HoloScope\both\Pride Moths\Pride Moths Forge\build\resources\main, C:\Users\rjtub\Downloads\HoloScope\both\Pride Moths\Pride Moths Forge\build\classes\java\main]}]
[14Jun2024 18:22:47.728] [main/DEBUG] [net.neoforged.fml.util.ServiceLoaderUtil/CORE]: Found 4 implementations of IModFileCandidateLocator:
[14Jun2024 18:22:47.728] [main/DEBUG] [net.neoforged.fml.util.ServiceLoaderUtil/CORE]: 	       0 - [built-in] net.neoforged.fml.loading.moddiscovery.locators.NeoForgeDevProvider from loader-4.0.1.jar
[14Jun2024 18:22:47.728] [main/DEBUG] [net.neoforged.fml.util.ServiceLoaderUtil/CORE]: 	       0 - net.neoforged.fml.loading.moddiscovery.locators.ModsFolderLocator from loader-4.0.1.jar
[14Jun2024 18:22:47.728] [main/DEBUG] [net.neoforged.fml.util.ServiceLoaderUtil/CORE]: 	       0 - net.neoforged.fml.loading.moddiscovery.locators.MavenDirectoryLocator from loader-4.0.1.jar
[14Jun2024 18:22:47.728] [main/DEBUG] [net.neoforged.fml.util.ServiceLoaderUtil/CORE]: 	   -1000 - [built-in] net.neoforged.fml.loading.moddiscovery.locators.UserdevLocator from loader-4.0.1.jar
[14Jun2024 18:22:47.731] [main/DEBUG] [net.neoforged.fml.util.ServiceLoaderUtil/CORE]: Found 2 implementations of IModFileReader:
[14Jun2024 18:22:47.731] [main/DEBUG] [net.neoforged.fml.util.ServiceLoaderUtil/CORE]: 	       0 - net.neoforged.fml.loading.moddiscovery.readers.JarModsDotTomlModFileReader from loader-4.0.1.jar
[14Jun2024 18:22:47.731] [main/DEBUG] [net.neoforged.fml.util.ServiceLoaderUtil/CORE]: 	   -1000 - net.neoforged.fml.loading.moddiscovery.readers.NestedLibraryModReader from loader-4.0.1.jar
[14Jun2024 18:22:47.733] [main/DEBUG] [net.neoforged.fml.util.ServiceLoaderUtil/CORE]: Found 1 implementations of IDependencyLocator:
[14Jun2024 18:22:47.733] [main/DEBUG] [net.neoforged.fml.util.ServiceLoaderUtil/CORE]: 	net.neoforged.fml.loading.moddiscovery.locators.JarInJarDependencyLocator from loader-4.0.1.jar
[14Jun2024 18:22:47.733] [main/DEBUG] [net.neoforged.fml.loading.moddiscovery.ModDiscoverer/SCAN]: Scanning for mods and other resources to load. We know 4 ways to find mods
[14Jun2024 18:22:47.733] [main/DEBUG] [net.neoforged.fml.loading.moddiscovery.ModDiscoverer/SCAN]: Trying locator neoforge devenv provider ([C:\Users\rjtub\Downloads\HoloScope\both\Pride Moths\Pride Moths Forge\.gradle\repositories\ng_dummy_ng\net\neoforged\neoforge\21.0.0-beta\neoforge-21.0.0-beta.jar])
[14Jun2024 18:22:47.790] [pool-2-thread-1/INFO] [EARLYDISPLAY/]: GL info: Intel(R) Iris(R) Xe Graphics GL version 4.6.0 - Build 31.0.101.4032, Intel
[14Jun2024 18:22:47.905] [main/DEBUG] [net.neoforged.fml.loading.moddiscovery.ModFileInfo/LOADING]: Found valid mod file neoforge-21.0.0-beta.jar with {minecraft} mods - versions {1.21}
[14Jun2024 18:22:47.905] [main/INFO] [net.neoforged.fml.loading.moddiscovery.ModDiscoverer/SCAN]: Found mod file "neoforge-21.0.0-beta.jar" [locator: neoforge devenv provider ([C:\Users\rjtub\Downloads\HoloScope\both\Pride Moths\Pride Moths Forge\.gradle\repositories\ng_dummy_ng\net\neoforged\neoforge\21.0.0-beta\neoforge-21.0.0-beta.jar])]
[14Jun2024 18:22:47.912] [main/DEBUG] [net.neoforged.fml.loading.moddiscovery.readers.JarModsDotTomlModFileReader/SCAN]: Found META-INF/neoforge.mods.toml mod of type null: C:\Users\rjtub\Downloads\HoloScope\both\Pride Moths\Pride Moths Forge\.gradle\repositories\ng_dummy_ng\net\neoforged\neoforge\21.0.0-beta\neoforge-21.0.0-beta.jar
[14Jun2024 18:22:47.913] [main/DEBUG] [net.neoforged.fml.loading.moddiscovery.ModFileParser/LOADING]: Considering mod file candidate C:\Users\rjtub\Downloads\HoloScope\both\Pride Moths\Pride Moths Forge\.gradle\repositories\ng_dummy_ng\net\neoforged\neoforge\21.0.0-beta\neoforge-21.0.0-beta.jar
[14Jun2024 18:22:47.920] [main/DEBUG] [net.neoforged.fml.loading.moddiscovery.ModFileInfo/LOADING]: Found valid mod file neoforge-21.0.0-beta.jar with {neoforge} mods - versions {21.0.0-beta}
[14Jun2024 18:22:47.920] [main/INFO] [net.neoforged.fml.loading.moddiscovery.ModDiscoverer/SCAN]: Found mod file "neoforge-21.0.0-beta.jar" [locator: neoforge devenv provider ([C:\Users\rjtub\Downloads\HoloScope\both\Pride Moths\Pride Moths Forge\.gradle\repositories\ng_dummy_ng\net\neoforged\neoforge\21.0.0-beta\neoforge-21.0.0-beta.jar])]
[14Jun2024 18:22:47.920] [main/DEBUG] [net.neoforged.fml.loading.moddiscovery.ModDiscoverer/SCAN]: Locator neoforge devenv provider ([C:\Users\rjtub\Downloads\HoloScope\both\Pride Moths\Pride Moths Forge\.gradle\repositories\ng_dummy_ng\net\neoforged\neoforge\21.0.0-beta\neoforge-21.0.0-beta.jar]) found 2 mods, 0 warnings, 0 errors and skipped 0 candidates
[14Jun2024 18:22:47.921] [main/DEBUG] [net.neoforged.fml.loading.moddiscovery.ModDiscoverer/SCAN]: Trying locator {mods folder locator at C:\Users\rjtub\Downloads\HoloScope\both\Pride Moths\Pride Moths Forge\runs\client\mods}
[14Jun2024 18:22:47.921] [main/DEBUG] [net.neoforged.fml.loading.moddiscovery.locators.ModsFolderLocator/SCAN]: Scanning mods dir C:\Users\rjtub\Downloads\HoloScope\both\Pride Moths\Pride Moths Forge\runs\client\mods for mods
[14Jun2024 18:22:47.922] [main/DEBUG] [net.neoforged.fml.loading.moddiscovery.ModDiscoverer/SCAN]: Locator {mods folder locator at C:\Users\rjtub\Downloads\HoloScope\both\Pride Moths\Pride Moths Forge\runs\client\mods} found 0 mods, 0 warnings, 0 errors and skipped 0 candidates
[14Jun2024 18:22:47.923] [main/DEBUG] [net.neoforged.fml.loading.moddiscovery.ModDiscoverer/SCAN]: Trying locator maven libs
[14Jun2024 18:22:47.926] [main/DEBUG] [net.neoforged.fml.loading.moddiscovery.ModListHandler/CORE]: Found mod coordinates from lists: []
[14Jun2024 18:22:47.926] [main/DEBUG] [net.neoforged.fml.loading.moddiscovery.ModDiscoverer/SCAN]: Locator maven libs found 0 mods, 0 warnings, 0 errors and skipped 0 candidates
[14Jun2024 18:22:47.926] [main/DEBUG] [net.neoforged.fml.loading.moddiscovery.ModDiscoverer/SCAN]: Trying locator userdev mods and services
[14Jun2024 18:22:47.929] [main/DEBUG] [net.neoforged.fml.loading.moddiscovery.readers.JarModsDotTomlModFileReader/SCAN]: Found META-INF/neoforge.mods.toml mod of type null: C:\Users\rjtub\Downloads\HoloScope\both\Pride Moths\Pride Moths Forge\build\resources\main
[14Jun2024 18:22:47.929] [main/DEBUG] [net.neoforged.fml.loading.moddiscovery.ModFileParser/LOADING]: Considering mod file candidate C:\Users\rjtub\Downloads\HoloScope\both\Pride Moths\Pride Moths Forge\build\resources\main
[14Jun2024 18:22:47.935] [main/DEBUG] [net.neoforged.fml.loading.moddiscovery.ModFileInfo/LOADING]: Found valid mod file main with {pridemoths} mods - versions {1.8.2}
[14Jun2024 18:22:47.935] [main/INFO] [net.neoforged.fml.loading.moddiscovery.ModDiscoverer/SCAN]: Found mod file "main" [locator: userdev mods and services, reader: mod manifest]
[14Jun2024 18:22:47.944] [main/DEBUG] [net.neoforged.fml.loading.moddiscovery.readers.JarModsDotTomlModFileReader/SCAN]: Found META-INF/neoforge.mods.toml mod of type null: C:\Users\rjtub\Downloads\HoloScope\both\Pride Moths\Pride Moths Forge\.gradle\repositories\ng_dummy_ng\net\neoforged\neoforge\21.0.0-beta\neoforge-21.0.0-beta.jar
[14Jun2024 18:22:47.944] [main/DEBUG] [net.neoforged.fml.loading.moddiscovery.ModFileParser/LOADING]: Considering mod file candidate C:\Users\rjtub\Downloads\HoloScope\both\Pride Moths\Pride Moths Forge\.gradle\repositories\ng_dummy_ng\net\neoforged\neoforge\21.0.0-beta\neoforge-21.0.0-beta.jar
[14Jun2024 18:22:47.945] [main/DEBUG] [net.neoforged.fml.loading.moddiscovery.ModFileInfo/LOADING]: Found valid mod file neoforge-21.0.0-beta.jar with {neoforge} mods - versions {21.0.0-beta}
[14Jun2024 18:22:47.946] [main/INFO] [net.neoforged.fml.loading.moddiscovery.ModDiscoverer/SCAN]: Found mod file "neoforge-21.0.0-beta.jar" [locator: userdev mods and services, reader: mod manifest]
[14Jun2024 18:22:47.950] [main/DEBUG] [net.neoforged.fml.loading.moddiscovery.readers.JarModsDotTomlModFileReader/SCAN]: Found META-INF/neoforge.mods.toml mod of type null: C:\Users\rjtub\.gradle\caches\modules-2\files-2.1\software.bernie.geckolib\geckolib-neoforge-1.21\4.5.5\9cacd3cc570c58a310fd729271719c9cb7b6e35a\geckolib-neoforge-1.21-4.5.5.jar
[14Jun2024 18:22:47.951] [main/DEBUG] [net.neoforged.fml.loading.moddiscovery.ModFileParser/LOADING]: Considering mod file candidate C:\Users\rjtub\.gradle\caches\modules-2\files-2.1\software.bernie.geckolib\geckolib-neoforge-1.21\4.5.5\9cacd3cc570c58a310fd729271719c9cb7b6e35a\geckolib-neoforge-1.21-4.5.5.jar
[14Jun2024 18:22:47.952] [main/DEBUG] [net.neoforged.fml.loading.moddiscovery.ModFileInfo/LOADING]: Found valid mod file geckolib-neoforge-1.21-4.5.5.jar with {geckolib} mods - versions {4.5.5}
[14Jun2024 18:22:47.952] [main/INFO] [net.neoforged.fml.loading.moddiscovery.ModDiscoverer/SCAN]: Found mod file "geckolib-neoforge-1.21-4.5.5.jar" [locator: userdev mods and services, reader: mod manifest]
[14Jun2024 18:22:47.973] [main/DEBUG] [net.neoforged.fml.loading.moddiscovery.ModDiscoverer/]: Skipping C:\Users\rjtub\.gradle\caches\modules-2\files-2.1\net.neoforged.fancymodloader\earlydisplay\4.0.1\305d5c40b62890e9a862f92cab8dff3080446c80\earlydisplay-4.0.1.jar because it was already located earlier
[14Jun2024 18:22:47.973] [main/DEBUG] [net.neoforged.fml.loading.moddiscovery.ModDiscoverer/]: Skipping C:\Users\rjtub\.gradle\caches\modules-2\files-2.1\net.neoforged.fancymodloader\loader\4.0.1\f0f710dfa4703254137fcfa892a0ed67f66aeb50\loader-4.0.1.jar because it was already located earlier
[14Jun2024 18:22:47.973] [main/DEBUG] [net.neoforged.fml.loading.moddiscovery.ModDiscoverer/]: Skipping C:\Users\rjtub\.gradle\caches\modules-2\files-2.1\net.neoforged\coremods\7.0.3\9147e6f638b4272b3bd5fc8f92ad37802512c6c\coremods-7.0.3.jar because it was already located earlier
[14Jun2024 18:22:47.973] [main/DEBUG] [net.neoforged.fml.loading.moddiscovery.ModDiscoverer/]: Skipping C:\Users\rjtub\.gradle\caches\modules-2\files-2.1\cpw.mods\modlauncher\11.0.2\87260bdd037c8cca573b21850214c7def5b78bcc\modlauncher-11.0.2.jar because it was already located earlier
[14Jun2024 18:22:47.973] [main/DEBUG] [net.neoforged.fml.loading.moddiscovery.ModDiscoverer/]: Skipping C:\Users\rjtub\.gradle\caches\modules-2\files-2.1\net.neoforged.accesstransformers\at-modlauncher\10.0.1\5aba50202aceead086bc09fbc2751c9f05cb4890\at-modlauncher-10.0.1.jar because it was already located earlier
[14Jun2024 18:22:47.973] [main/DEBUG] [net.neoforged.fml.loading.moddiscovery.ModDiscoverer/]: Skipping C:\Users\rjtub\.gradle\caches\modules-2\files-2.1\net.neoforged\accesstransformers\10.0.1\fd83b5725f76eae9115e9355fa1c456a6a441400\accesstransformers-10.0.1.jar because it was already located earlier
[14Jun2024 18:22:47.973] [main/DEBUG] [net.neoforged.fml.loading.moddiscovery.ModDiscoverer/]: Skipping C:\Users\rjtub\.gradle\caches\modules-2\files-2.1\org.openjdk.nashorn\nashorn-core\15.4\f67f5ffaa5f5130cf6fb9b133da00c7df3b532a5\nashorn-core-15.4.jar because it was already located earlier
[14Jun2024 18:22:47.973] [main/DEBUG] [net.neoforged.fml.loading.moddiscovery.ModDiscoverer/]: Skipping C:\Users\rjtub\.gradle\caches\modules-2\files-2.1\net.neoforged\mergetool\2.0.3\1275202cbbb248f49345cf6787ce299afd9a02fb\mergetool-2.0.3-api.jar because it was already located earlier
[14Jun2024 18:22:47.973] [main/DEBUG] [net.neoforged.fml.loading.moddiscovery.ModDiscoverer/]: Skipping C:\Users\rjtub\.gradle\caches\modules-2\files-2.1\net.neoforged\bus\8.0.1\9df0ed904cec279eb33ca6df420f6f82706ebb4c\bus-8.0.1.jar because it was already located earlier
[14Jun2024 18:22:47.973] [main/DEBUG] [net.neoforged.fml.loading.moddiscovery.ModDiscoverer/]: Skipping C:\Users\rjtub\.gradle\caches\modules-2\files-2.1\net.minecraftforge\unsafe\0.2.0\54d7a0a5e8fdb71b973025caa46f341ae5904f39\unsafe-0.2.0.jar because it was already located earlier
[14Jun2024 18:22:47.973] [main/DEBUG] [net.neoforged.fml.loading.moddiscovery.ModDiscoverer/]: Skipping C:\Users\rjtub\.gradle\caches\modules-2\files-2.1\com.electronwill.night-config\toml\3.6.4\51d6cefb2b55ee55ee26b16391212fb2c7dfb4f4\toml-3.6.4.jar because it was already located earlier
[14Jun2024 18:22:47.973] [main/DEBUG] [net.neoforged.fml.loading.moddiscovery.ModDiscoverer/]: Skipping C:\Users\rjtub\.gradle\caches\modules-2\files-2.1\com.electronwill.night-config\core\3.6.4\510f174abbf1c947494db50ef2445683bd52c230\core-3.6.4.jar because it was already located earlier
[14Jun2024 18:22:47.973] [main/DEBUG] [net.neoforged.fml.loading.moddiscovery.ModDiscoverer/]: Skipping C:\Users\rjtub\.gradle\caches\modules-2\files-2.1\net.neoforged\JarJarSelector\0.4.1\fb3cc7a58af22ad2880adb98af6d518128c47dae\JarJarSelector-0.4.1.jar because it was already located earlier
[14Jun2024 18:22:47.974] [main/DEBUG] [net.neoforged.fml.loading.moddiscovery.ModDiscoverer/]: Skipping C:\Users\rjtub\.gradle\caches\modules-2\files-2.1\net.neoforged\JarJarMetadata\0.4.1\f8da03683dc81694556dc3e177c5e3bb77ae6fcb\JarJarMetadata-0.4.1.jar because it was already located earlier
[14Jun2024 18:22:47.974] [main/DEBUG] [net.neoforged.fml.loading.moddiscovery.ModDiscoverer/]: Skipping C:\Users\rjtub\.gradle\caches\modules-2\files-2.1\org.apache.maven\maven-artifact\3.8.5\4433f50c07debefaed0553bd0068f4f48d449313\maven-artifact-3.8.5.jar because it was already located earlier
[14Jun2024 18:22:47.974] [main/DEBUG] [net.neoforged.fml.loading.moddiscovery.ModDiscoverer/]: Skipping C:\Users\rjtub\.gradle\caches\modules-2\files-2.1\net.jodah\typetools\0.6.3\a01aaa6ddaea9ec07ec4f209487b7a46a526283a\typetools-0.6.3.jar because it was already located earlier
[14Jun2024 18:22:47.974] [main/DEBUG] [net.neoforged.fml.loading.moddiscovery.ModDiscoverer/]: Skipping C:\Users\rjtub\.gradle\caches\modules-2\files-2.1\net.minecrell\terminalconsoleappender\1.2.0\96d02cd3b384ff015a8fef4223bcb4ccf1717c95\terminalconsoleappender-1.2.0.jar because it was already located earlier
[14Jun2024 18:22:47.974] [main/DEBUG] [net.neoforged.fml.loading.moddiscovery.ModDiscoverer/]: Skipping C:\Users\rjtub\.gradle\caches\modules-2\files-2.1\net.fabricmc\sponge-mixin\0.13.4+mixin.0.8.5\8adf0cff1795a169141b9e16ad7b9f6e2527a990\sponge-mixin-0.13.4+mixin.0.8.5.jar because it was already located earlier
[14Jun2024 18:22:47.974] [main/DEBUG] [net.neoforged.fml.loading.moddiscovery.ModDiscoverer/]: Skipping C:\Users\rjtub\.gradle\caches\modules-2\files-2.1\com.mojang\authlib\6.0.54\de8bc95660e1b2fe8793fd427a7a10dcec5b3ea7\authlib-6.0.54.jar because it was already located earlier
[14Jun2024 18:22:47.974] [main/DEBUG] [net.neoforged.fml.loading.moddiscovery.ModDiscoverer/]: Skipping C:\Users\rjtub\.gradle\caches\modules-2\files-2.1\org.apache.commons\commons-compress\1.26.0\659feffdd12280201c8aacb8f7be94f9a883c824\commons-compress-1.26.0.jar because it was already located earlier
[14Jun2024 18:22:47.974] [main/DEBUG] [net.neoforged.fml.loading.moddiscovery.ModDiscoverer/]: Skipping C:\Users\rjtub\.gradle\caches\modules-2\files-2.1\org.apache.commons\commons-lang3\3.14.0\1ed471194b02f2c6cb734a0cd6f6f107c673afae\commons-lang3-3.14.0.jar because it was already located earlier
[14Jun2024 18:22:47.974] [main/DEBUG] [net.neoforged.fml.loading.moddiscovery.ModDiscoverer/]: Skipping C:\Users\rjtub\.gradle\caches\modules-2\files-2.1\com.mojang\logging\1.2.7\24cb95ffb0e3433fd6e844c04e68009e504ca1c0\logging-1.2.7.jar because it was already located earlier
[14Jun2024 18:22:47.974] [main/DEBUG] [net.neoforged.fml.loading.moddiscovery.ModDiscoverer/]: Skipping C:\Users\rjtub\.gradle\caches\modules-2\files-2.1\org.apache.logging.log4j\log4j-slf4j2-impl\2.22.1\d7e6693c2606cb7e7335047d7bb96dec52db5665\log4j-slf4j2-impl-2.22.1.jar because it was already located earlier
[14Jun2024 18:22:47.975] [main/DEBUG] [net.neoforged.fml.loading.moddiscovery.ModDiscoverer/]: Skipping C:\Users\rjtub\.gradle\caches\modules-2\files-2.1\org.apache.logging.log4j\log4j-core\2.22.1\7183a25510a02ad00cc6a95d3b3d2a7d3c5a8dc4\log4j-core-2.22.1.jar because it was already located earlier
[14Jun2024 18:22:47.975] [main/DEBUG] [net.neoforged.fml.loading.moddiscovery.ModDiscoverer/]: Skipping C:\Users\rjtub\.gradle\caches\modules-2\files-2.1\org.apache.logging.log4j\log4j-api\2.22.1\bea6fede6328fabafd7e68363161a7ea6605abd1\log4j-api-2.22.1.jar because it was already located earlier
[14Jun2024 18:22:47.979] [main/DEBUG] [net.neoforged.fml.loading.moddiscovery.readers.JarModsDotTomlModFileReader/SCAN]: Found META-INF/MANIFEST.MF mod of type GAMELIBRARY: C:\Users\rjtub\.gradle\caches\modules-2\files-2.1\io.github.llamalad7\mixinextras-neoforge\0.3.5\ef3ffcf309dae656517b2f120189b1c9b21737dd\mixinextras-neoforge-0.3.5.jar
[14Jun2024 18:22:47.981] [main/INFO] [net.neoforged.fml.loading.moddiscovery.ModDiscoverer/SCAN]: Found gamelibrary file "mixinextras-neoforge-0.3.5.jar" [locator: userdev mods and services, reader: mod manifest]
[14Jun2024 18:22:47.982] [main/DEBUG] [net.neoforged.fml.loading.moddiscovery.ModDiscoverer/]: Skipping C:\Users\rjtub\.gradle\caches\modules-2\files-2.1\com.github.oshi\oshi-core\6.4.10\b1d8ab82d11d92fd639b56d639f8f46f739dd5fa\oshi-core-6.4.10.jar because it was already located earlier
[14Jun2024 18:22:47.982] [main/DEBUG] [net.neoforged.fml.loading.moddiscovery.ModDiscoverer/]: Skipping C:\Users\rjtub\.gradle\caches\modules-2\files-2.1\com.mojang\datafixerupper\8.0.16\67d4de6d7f95d89bcf5862995fb854ebaec02a34\datafixerupper-8.0.16.jar because it was already located earlier
[14Jun2024 18:22:47.982] [main/DEBUG] [net.neoforged.fml.loading.moddiscovery.ModDiscoverer/]: Skipping C:\Users\rjtub\.gradle\caches\modules-2\files-2.1\com.mojang\text2speech\1.17.9\3cad216e3a7f0c19b4b394388bc9ffc446f13b14\text2speech-1.17.9.jar because it was already located earlier
[14Jun2024 18:22:47.982] [main/DEBUG] [net.neoforged.fml.loading.moddiscovery.ModDiscoverer/]: Skipping C:\Users\rjtub\.gradle\caches\modules-2\files-2.1\org.slf4j\slf4j-api\2.0.9\7cf2726fdcfbc8610f9a71fb3ed639871f315340\slf4j-api-2.0.9.jar because it was already located earlier
[14Jun2024 18:22:47.982] [main/DEBUG] [net.neoforged.fml.loading.moddiscovery.ModDiscoverer/]: Skipping C:\Users\rjtub\.gradle\caches\modules-2\files-2.1\com.google.code.gson\gson\2.10.1\b3add478d4382b78ea20b1671390a858002feb6c\gson-2.10.1.jar because it was already located earlier
[14Jun2024 18:22:47.982] [main/DEBUG] [net.neoforged.fml.loading.moddiscovery.ModDiscoverer/]: Skipping C:\Users\rjtub\.gradle\caches\modules-2\files-2.1\com.mojang\patchy\2.2.10\da05971b07cbb379d002cf7eaec6a2048211fefc\patchy-2.2.10.jar because it was already located earlier
[14Jun2024 18:22:47.982] [main/DEBUG] [net.neoforged.fml.loading.moddiscovery.ModDiscoverer/]: Skipping C:\Users\rjtub\.gradle\caches\modules-2\files-2.1\com.google.guava\guava\32.1.2-jre\5e64ec7e056456bef3a4bc4c6fdaef71e8ab6318\guava-32.1.2-jre.jar because it was already located earlier
[14Jun2024 18:22:47.982] [main/DEBUG] [net.neoforged.fml.loading.moddiscovery.ModDiscoverer/]: Skipping C:\Users\rjtub\.gradle\caches\modules-2\files-2.1\com.google.guava\failureaccess\1.0.1\1dcf1de382a0bf95a3d8b0849546c88bac1292c9\failureaccess-1.0.1.jar because it was already located earlier
[14Jun2024 18:22:47.982] [main/DEBUG] [net.neoforged.fml.loading.moddiscovery.ModDiscoverer/]: Skipping C:\Users\rjtub\.gradle\caches\modules-2\files-2.1\com.google.guava\listenablefuture\9999.0-empty-to-avoid-conflict-with-guava\b421526c5f297295adef1c886e5246c39d4ac629\listenablefuture-9999.0-empty-to-avoid-conflict-with-guava.jar because it was already located earlier
[14Jun2024 18:22:47.982] [main/DEBUG] [net.neoforged.fml.loading.moddiscovery.ModDiscoverer/]: Skipping C:\Users\rjtub\.gradle\caches\modules-2\files-2.1\com.google.code.findbugs\jsr305\3.0.2\25ea2e8b0c338a877313bd4672d3fe056ea78f0d\jsr305-3.0.2.jar because it was already located earlier
[14Jun2024 18:22:47.982] [main/DEBUG] [net.neoforged.fml.loading.moddiscovery.ModDiscoverer/]: Skipping C:\Users\rjtub\.gradle\caches\modules-2\files-2.1\org.checkerframework\checker-qual\3.33.0\de2b60b62da487644fc11f734e73c8b0b431238f\checker-qual-3.33.0.jar because it was already located earlier
[14Jun2024 18:22:47.982] [main/DEBUG] [net.neoforged.fml.loading.moddiscovery.ModDiscoverer/]: Skipping C:\Users\rjtub\.gradle\caches\modules-2\files-2.1\com.google.errorprone\error_prone_annotations\2.18.0\89b684257096f548fa39a7df9fdaa409d4d4df91\error_prone_annotations-2.18.0.jar because it was already located earlier
[14Jun2024 18:22:47.982] [main/DEBUG] [net.neoforged.fml.loading.moddiscovery.ModDiscoverer/]: Skipping C:\Users\rjtub\.gradle\caches\modules-2\files-2.1\com.google.j2objc\j2objc-annotations\2.8\c85270e307e7b822f1086b93689124b89768e273\j2objc-annotations-2.8.jar because it was already located earlier
[14Jun2024 18:22:47.983] [main/DEBUG] [net.neoforged.fml.loading.moddiscovery.ModDiscoverer/]: Skipping C:\Users\rjtub\.gradle\caches\modules-2\files-2.1\commons-io\commons-io\2.15.1\f11560da189ab563a5c8e351941415430e9304ea\commons-io-2.15.1.jar because it was already located earlier
[14Jun2024 18:22:47.983] [main/DEBUG] [net.neoforged.fml.loading.moddiscovery.ModDiscoverer/]: Skipping C:\Users\rjtub\.gradle\caches\modules-2\files-2.1\net.sf.jopt-simple\jopt-simple\5.0.4\4fdac2fbe92dfad86aa6e9301736f6b4342a3f5c\jopt-simple-5.0.4.jar because it was already located earlier
[14Jun2024 18:22:47.983] [main/DEBUG] [net.neoforged.fml.loading.moddiscovery.ModDiscoverer/]: Skipping C:\Users\rjtub\.gradle\caches\modules-2\files-2.1\net.minecraftforge\srgutils\0.4.15\ca408b131759478f164e010fae0d73997e125fb5\srgutils-0.4.15.jar because it was already located earlier
[14Jun2024 18:22:47.983] [main/DEBUG] [net.neoforged.fml.loading.moddiscovery.ModDiscoverer/]: Skipping C:\Users\rjtub\.gradle\caches\modules-2\files-2.1\org.antlr\antlr4-runtime\4.13.1\17125bae1d965624e265ef49552f6465a2bfa307\antlr4-runtime-4.13.1.jar because it was already located earlier
[14Jun2024 18:22:47.983] [main/DEBUG] [net.neoforged.fml.loading.moddiscovery.ModDiscoverer/]: Skipping C:\Users\rjtub\.gradle\caches\modules-2\files-2.1\org.jline\jline-reader\3.12.1\4382ab1382c7b6f379377ed5f665dc2f6e1218bc\jline-reader-3.12.1.jar because it was already located earlier
[14Jun2024 18:22:47.983] [main/DEBUG] [net.neoforged.fml.loading.moddiscovery.ModDiscoverer/]: Skipping C:\Users\rjtub\.gradle\caches\modules-2\files-2.1\org.jline\jline-terminal\3.12.1\c777448314e050d980a6b697c140f3bfe9eb7416\jline-terminal-3.12.1.jar because it was already located earlier
[14Jun2024 18:22:47.983] [main/DEBUG] [net.neoforged.fml.loading.moddiscovery.ModDiscoverer/]: Skipping C:\Users\rjtub\.gradle\caches\modules-2\files-2.1\org.codehaus.plexus\plexus-utils\3.3.0\cf43b5391de623b36fe066a21127baef82c64022\plexus-utils-3.3.0.jar because it was already located earlier
[14Jun2024 18:22:47.983] [main/DEBUG] [net.neoforged.fml.loading.moddiscovery.ModDiscoverer/]: Skipping C:\Users\rjtub\.gradle\caches\modules-2\files-2.1\com.machinezoo.noexception\noexception\1.7.1\b65330c98e38a1f915fa54a6e5eca496505e3f0a\noexception-1.7.1.jar because it was already located earlier
[14Jun2024 18:22:47.983] [main/DEBUG] [net.neoforged.fml.loading.moddiscovery.ModDiscoverer/]: Skipping C:\Users\rjtub\Downloads\HoloScope\both\Pride Moths\Pride Moths Forge\.gradle\repositories\ng_dummy_ng\net\minecraft\client\1.21\client-1.21-client-extra.jar because it was already located earlier
[14Jun2024 18:22:47.983] [main/DEBUG] [net.neoforged.fml.loading.moddiscovery.ModDiscoverer/]: Skipping C:\Users\rjtub\.gradle\caches\modules-2\files-2.1\com.ibm.icu\icu4j\73.2\61ad4ef7f9131fcf6d25c34b817f90d6da06c9e9\icu4j-73.2.jar because it was already located earlier
[14Jun2024 18:22:47.984] [main/DEBUG] [net.neoforged.fml.loading.moddiscovery.ModDiscoverer/]: Skipping C:\Users\rjtub\.gradle\caches\modules-2\files-2.1\com.mojang\blocklist\1.0.10\5c685c5ffa94c4cd39496c7184c1d122e515ecef\blocklist-1.0.10.jar because it was already located earlier
[14Jun2024 18:22:47.984] [main/DEBUG] [net.neoforged.fml.loading.moddiscovery.ModDiscoverer/]: Skipping C:\Users\rjtub\.gradle\caches\modules-2\files-2.1\com.mojang\brigadier\1.2.9\73e324f2ee541493a5179abf367237faa782ed21\brigadier-1.2.9.jar because it was already located earlier
[14Jun2024 18:22:47.984] [main/DEBUG] [net.neoforged.fml.loading.moddiscovery.ModDiscoverer/]: Skipping C:\Users\rjtub\.gradle\caches\modules-2\files-2.1\org.apache.httpcomponents\httpclient\4.5.13\e5f6cae5ca7ecaac1ec2827a9e2d65ae2869cada\httpclient-4.5.13.jar because it was already located earlier
[14Jun2024 18:22:47.984] [main/DEBUG] [net.neoforged.fml.loading.moddiscovery.ModDiscoverer/]: Skipping C:\Users\rjtub\.gradle\caches\modules-2\files-2.1\commons-codec\commons-codec\1.16.0\4e3eb3d79888d76b54e28b350915b5dc3919c9de\commons-codec-1.16.0.jar because it was already located earlier
[14Jun2024 18:22:47.984] [main/DEBUG] [net.neoforged.fml.loading.moddiscovery.ModDiscoverer/]: Skipping C:\Users\rjtub\.gradle\caches\modules-2\files-2.1\commons-logging\commons-logging\1.2\4bfc12adfe4842bf07b657f0369c4cb522955686\commons-logging-1.2.jar because it was already located earlier
[14Jun2024 18:22:47.984] [main/DEBUG] [net.neoforged.fml.loading.moddiscovery.ModDiscoverer/]: Skipping C:\Users\rjtub\.gradle\caches\modules-2\files-2.1\io.netty\netty-handler\4.1.97.Final\abb86c6906bf512bf2b797a41cd7d2e8d3cd7c36\netty-handler-4.1.97.Final.jar because it was already located earlier
[14Jun2024 18:22:47.984] [main/DEBUG] [net.neoforged.fml.loading.moddiscovery.ModDiscoverer/]: Skipping C:\Users\rjtub\.gradle\caches\modules-2\files-2.1\io.netty\netty-codec\4.1.97.Final\384ba4d75670befbedb45c4d3b497a93639c206d\netty-codec-4.1.97.Final.jar because it was already located earlier
[14Jun2024 18:22:47.984] [main/DEBUG] [net.neoforged.fml.loading.moddiscovery.ModDiscoverer/]: Skipping C:\Users\rjtub\.gradle\caches\modules-2\files-2.1\io.netty\netty-transport-classes-epoll\4.1.97.Final\795da37ded759e862457a82d9d92c4d39ce8ecee\netty-transport-classes-epoll-4.1.97.Final.jar because it was already located earlier
[14Jun2024 18:22:47.984] [main/DEBUG] [net.neoforged.fml.loading.moddiscovery.ModDiscoverer/]: Skipping C:\Users\rjtub\.gradle\caches\modules-2\files-2.1\io.netty\netty-transport-native-unix-common\4.1.97.Final\d469d84265ab70095b01b40886cabdd433b6e664\netty-transport-native-unix-common-4.1.97.Final.jar because it was already located earlier
[14Jun2024 18:22:47.984] [main/DEBUG] [net.neoforged.fml.loading.moddiscovery.ModDiscoverer/]: Skipping C:\Users\rjtub\.gradle\caches\modules-2\files-2.1\io.netty\netty-transport\4.1.97.Final\f37380d23c9bb079bc702910833b2fd532c9abd0\netty-transport-4.1.97.Final.jar because it was already located earlier
[14Jun2024 18:22:47.984] [main/DEBUG] [net.neoforged.fml.loading.moddiscovery.ModDiscoverer/]: Skipping C:\Users\rjtub\.gradle\caches\modules-2\files-2.1\io.netty\netty-buffer\4.1.97.Final\f8f3d8644afa5e6e1a40a3a6aeb9d9aa970ecb4f\netty-buffer-4.1.97.Final.jar because it was already located earlier
[14Jun2024 18:22:47.984] [main/DEBUG] [net.neoforged.fml.loading.moddiscovery.ModDiscoverer/]: Skipping C:\Users\rjtub\.gradle\caches\modules-2\files-2.1\io.netty\netty-resolver\4.1.97.Final\cec8348108dc76c47cf87c669d514be52c922144\netty-resolver-4.1.97.Final.jar because it was already located earlier
[14Jun2024 18:22:47.985] [main/DEBUG] [net.neoforged.fml.loading.moddiscovery.ModDiscoverer/]: Skipping C:\Users\rjtub\.gradle\caches\modules-2\files-2.1\io.netty\netty-common\4.1.97.Final\7cceacaf11df8dc63f23d0fb58e9d4640fc88404\netty-common-4.1.97.Final.jar because it was already located earlier
[14Jun2024 18:22:47.985] [main/DEBUG] [net.neoforged.fml.loading.moddiscovery.ModDiscoverer/]: Skipping C:\Users\rjtub\.gradle\caches\modules-2\files-2.1\it.unimi.dsi\fastutil\8.5.12\c24946d46824bd528054bface3231d2ecb7e95e8\fastutil-8.5.12.jar because it was already located earlier
[14Jun2024 18:22:47.985] [main/DEBUG] [net.neoforged.fml.loading.moddiscovery.ModDiscoverer/]: Skipping C:\Users\rjtub\.gradle\caches\modules-2\files-2.1\net.java.dev.jna\jna-platform\5.14.0\28934d48aed814f11e4c584da55c49fa7032b31b\jna-platform-5.14.0.jar because it was already located earlier
[14Jun2024 18:22:47.985] [main/DEBUG] [net.neoforged.fml.loading.moddiscovery.ModDiscoverer/]: Skipping C:\Users\rjtub\.gradle\caches\modules-2\files-2.1\ca.weblite\java-objc-bridge\1.1\1227f9e0666314f9de41477e3ec277e542ed7f7b\java-objc-bridge-1.1.jar because it was already located earlier
[14Jun2024 18:22:47.985] [main/DEBUG] [net.neoforged.fml.loading.moddiscovery.ModDiscoverer/]: Skipping C:\Users\rjtub\.gradle\caches\modules-2\files-2.1\net.java.dev.jna\jna\5.14.0\67bf3eaea4f0718cb376a181a629e5f88fa1c9dd\jna-5.14.0.jar because it was already located earlier
[14Jun2024 18:22:47.985] [main/DEBUG] [net.neoforged.fml.loading.moddiscovery.ModDiscoverer/]: Skipping C:\Users\rjtub\.gradle\caches\modules-2\files-2.1\org.apache.httpcomponents\httpcore\4.4.16\51cf043c87253c9f58b539c9f7e44c8894223850\httpcore-4.4.16.jar because it was already located earlier
[14Jun2024 18:22:47.985] [main/DEBUG] [net.neoforged.fml.loading.moddiscovery.ModDiscoverer/]: Skipping C:\Users\rjtub\.gradle\caches\modules-2\files-2.1\org.jcraft\jorbis\0.0.17\8872d22b293e8f5d7d56ff92be966e6dc28ebdc6\jorbis-0.0.17.jar because it was already located earlier
[14Jun2024 18:22:47.986] [main/DEBUG] [net.neoforged.fml.loading.moddiscovery.ModDiscoverer/]: Skipping C:\Users\rjtub\.gradle\caches\modules-2\files-2.1\org.joml\joml\1.10.5\22566d58af70ad3d72308bab63b8339906deb649\joml-1.10.5.jar because it was already located earlier
[14Jun2024 18:22:47.986] [main/DEBUG] [net.neoforged.fml.loading.moddiscovery.ModDiscoverer/]: Skipping C:\Users\rjtub\.gradle\caches\modules-2\files-2.1\org.lwjgl\lwjgl-freetype\3.3.3\a0db6c84a8becc8ca05f9dbfa985edc348a824c7\lwjgl-freetype-3.3.3.jar because it was already located earlier
[14Jun2024 18:22:47.994] [main/DEBUG] [net.neoforged.fml.loading.moddiscovery.ModDiscoverer/]: Skipping C:\Users\rjtub\.gradle\caches\modules-2\files-2.1\org.lwjgl\lwjgl-freetype\3.3.3\15a8c1de7f51d07a92eae7ce1222557073a0c0c3\lwjgl-freetype-3.3.3-natives-windows-x86.jar because it was already located earlier
[14Jun2024 18:22:47.994] [main/DEBUG] [net.neoforged.fml.loading.moddiscovery.ModDiscoverer/]: Skipping C:\Users\rjtub\.gradle\caches\modules-2\files-2.1\org.lwjgl\lwjgl-glfw\3.3.3\efa1eb78c5ccd840e9f329717109b5e892d72f8e\lwjgl-glfw-3.3.3.jar because it was already located earlier
[14Jun2024 18:22:48.002] [main/DEBUG] [net.neoforged.fml.loading.moddiscovery.ModDiscoverer/]: Skipping C:\Users\rjtub\.gradle\caches\modules-2\files-2.1\org.lwjgl\lwjgl-glfw\3.3.3\32334f3fd5270a59bad9939a93115acb6de36dcf\lwjgl-glfw-3.3.3-natives-windows-x86.jar because it was already located earlier
[14Jun2024 18:22:48.002] [main/DEBUG] [net.neoforged.fml.loading.moddiscovery.ModDiscoverer/]: Skipping C:\Users\rjtub\.gradle\caches\modules-2\files-2.1\org.lwjgl\lwjgl-jemalloc\3.3.3\b543467b7ff3c6920539a88ee602d34098628be5\lwjgl-jemalloc-3.3.3.jar because it was already located earlier
[14Jun2024 18:22:48.003] [main/DEBUG] [net.neoforged.fml.loading.moddiscovery.ModDiscoverer/]: Skipping C:\Users\rjtub\.gradle\caches\modules-2\files-2.1\org.lwjgl\lwjgl-jemalloc\3.3.3\426222fc027602a5f21b9c0fe79cde6a4c7a011f\lwjgl-jemalloc-3.3.3-natives-windows.jar because it was already located earlier
[14Jun2024 18:22:48.011] [main/DEBUG] [net.neoforged.fml.loading.moddiscovery.ModDiscoverer/]: Skipping C:\Users\rjtub\.gradle\caches\modules-2\files-2.1\org.lwjgl\lwjgl-openal\3.3.3\daada81ceb5fc0c291fbfdd4433cb8d9423577f2\lwjgl-openal-3.3.3.jar because it was already located earlier
[14Jun2024 18:22:48.019] [main/DEBUG] [net.neoforged.fml.loading.moddiscovery.ModDiscoverer/]: Skipping C:\Users\rjtub\.gradle\caches\modules-2\files-2.1\org.lwjgl\lwjgl-openal\3.3.3\87b8d5050e3adb46bb58fe1cb2669a4a48fce10d\lwjgl-openal-3.3.3-natives-windows-x86.jar because it was already located earlier
[14Jun2024 18:22:48.020] [main/DEBUG] [net.neoforged.fml.loading.moddiscovery.ModDiscoverer/]: Skipping C:\Users\rjtub\.gradle\caches\modules-2\files-2.1\org.lwjgl\lwjgl-opengl\3.3.3\2f6b0147078396a58979125a4c947664e98293a\lwjgl-opengl-3.3.3.jar because it was already located earlier
[14Jun2024 18:22:48.024] [main/DEBUG] [net.neoforged.fml.loading.moddiscovery.ModDiscoverer/]: Skipping C:\Users\rjtub\.gradle\caches\modules-2\files-2.1\org.lwjgl\lwjgl-opengl\3.3.3\65e956d3735a1abdc82eff4baec1b61174697d4b\lwjgl-opengl-3.3.3-natives-windows-arm64.jar because it was already located earlier
[14Jun2024 18:22:48.027] [main/DEBUG] [net.neoforged.fml.loading.moddiscovery.ModDiscoverer/]: Skipping C:\Users\rjtub\.gradle\caches\modules-2\files-2.1\org.lwjgl\lwjgl-stb\3.3.3\25dd6161988d7e65f71d5065c99902402ee32746\lwjgl-stb-3.3.3.jar because it was already located earlier
[14Jun2024 18:22:48.027] [main/DEBUG] [net.neoforged.fml.loading.moddiscovery.ModDiscoverer/]: Skipping C:\Users\rjtub\.gradle\caches\modules-2\files-2.1\org.lwjgl\lwjgl-stb\3.3.3\1d9facdf6541de114b0f963be33505b7679c78cb\lwjgl-stb-3.3.3-natives-windows.jar because it was already located earlier
[14Jun2024 18:22:48.032] [main/DEBUG] [net.neoforged.fml.loading.moddiscovery.ModDiscoverer/]: Skipping C:\Users\rjtub\.gradle\caches\modules-2\files-2.1\org.lwjgl\lwjgl-tinyfd\3.3.3\82d755ca94b102e9ca77283b9e2dc46d1b15fbe5\lwjgl-tinyfd-3.3.3.jar because it was already located earlier
[14Jun2024 18:22:48.033] [main/DEBUG] [net.neoforged.fml.loading.moddiscovery.ModDiscoverer/]: Skipping C:\Users\rjtub\.gradle\caches\modules-2\files-2.1\org.lwjgl\lwjgl-tinyfd\3.3.3\a6697981b0449a5087c1d546fc08b4f73e8f98c9\lwjgl-tinyfd-3.3.3-natives-windows.jar because it was already located earlier
[14Jun2024 18:22:48.038] [main/DEBUG] [net.neoforged.fml.loading.moddiscovery.ModDiscoverer/]: Skipping C:\Users\rjtub\.gradle\caches\modules-2\files-2.1\org.lwjgl\lwjgl\3.3.3\29589b5f87ed335a6c7e7ee6a5775f81f97ecb84\lwjgl-3.3.3.jar because it was already located earlier
[14Jun2024 18:22:48.048] [main/DEBUG] [net.neoforged.fml.loading.moddiscovery.ModDiscoverer/]: Skipping C:\Users\rjtub\.gradle\caches\modules-2\files-2.1\org.lwjgl\lwjgl\3.3.3\9e670718e050aeaeea0c2d5b907cffb142f2e58f\lwjgl-3.3.3-natives-windows-x86.jar because it was already located earlier
[14Jun2024 18:22:48.049] [main/DEBUG] [net.neoforged.fml.loading.moddiscovery.ModDiscoverer/]: Skipping C:\Users\rjtub\.gradle\caches\modules-2\files-2.1\org.lz4\lz4-java\1.8.0\4b986a99445e49ea5fbf5d149c4b63f6ed6c6780\lz4-java-1.8.0.jar because it was already located earlier
[14Jun2024 18:22:48.049] [main/DEBUG] [net.neoforged.fml.loading.moddiscovery.ModDiscoverer/]: Skipping C:\Users\rjtub\.gradle\caches\modules-2\files-2.1\org.jetbrains\annotations\24.1.0\7af6a669488450c4a07c2c3254e2151df42d7d04\annotations-24.1.0.jar because it was already located earlier
[14Jun2024 18:22:48.049] [main/DEBUG] [net.neoforged.fml.loading.moddiscovery.ModDiscoverer/SCAN]: Locator userdev mods and services found 4 mods, 0 warnings, 0 errors and skipped 86 candidates
[14Jun2024 18:22:48.052] [main/DEBUG] [net.neoforged.fml.loading.UniqueModListBuilder/]: Found 2 mods for first modid neoforge, selecting most recent based on version data
[14Jun2024 18:22:48.052] [main/DEBUG] [net.neoforged.fml.loading.UniqueModListBuilder/]: Selected file neoforge-21.0.0-beta.jar for modid neoforge with version 21.0.0-beta
[14Jun2024 18:22:48.054] [main/DEBUG] [net.neoforged.fml.loading.moddiscovery.ModDiscoverer/SCAN]: Successfully Loaded 5 mods. Attempting to load dependencies...
[14Jun2024 18:22:48.054] [main/DEBUG] [net.neoforged.fml.loading.moddiscovery.ModDiscoverer/SCAN]: Trying locator jarinjar
[14Jun2024 18:22:48.056] [main/TRACE] [net.neoforged.fml.loading.moddiscovery.locators.JarInJarDependencyLocator/]: Failed to load resource META-INF\jarjar\metadata.json from neoforge-21.0.0-beta.jar, it does not contain dependency information.
[14Jun2024 18:22:48.057] [main/TRACE] [net.neoforged.fml.loading.moddiscovery.locators.JarInJarDependencyLocator/]: Failed to load resource META-INF\jarjar\metadata.json from mixinextras-neoforge-0.3.5.jar, it does not contain dependency information.
[14Jun2024 18:22:48.057] [main/TRACE] [net.neoforged.fml.loading.moddiscovery.locators.JarInJarDependencyLocator/]: Failed to load resource META-INF\jarjar\metadata.json from main, it does not contain dependency information.
[14Jun2024 18:22:48.057] [main/TRACE] [net.neoforged.fml.loading.moddiscovery.locators.JarInJarDependencyLocator/]: Failed to load resource META-INF\jarjar\metadata.json from geckolib-neoforge-1.21-4.5.5.jar, it does not contain dependency information.
[14Jun2024 18:22:48.100] [main/DEBUG] [net.neoforged.fml.loading.moddiscovery.readers.JarModsDotTomlModFileReader/SCAN]: Found META-INF/MANIFEST.MF mod of type GAMELIBRARY: 
[14Jun2024 18:22:48.101] [main/TRACE] [net.neoforged.fml.loading.moddiscovery.locators.JarInJarDependencyLocator/]: Failed to load resource META-INF\jarjar\metadata.json from mixinextras-neoforge-0.3.5.jar, it does not contain dependency information.
[14Jun2024 18:22:48.119] [main/DEBUG] [net.neoforged.fml.loading.moddiscovery.readers.JarModsDotTomlModFileReader/SCAN]: Found META-INF/MANIFEST.MF mod of type GAMELIBRARY: 
[14Jun2024 18:22:48.120] [main/WARN] [net.neoforged.jarjar.selection.JarSelector/]: Attempted to select a dependency jar for JarJar which was passed in as source: mixinextras-neoforge-0.3.5.jar. Using Mod File: C:\Users\rjtub\.gradle\caches\modules-2\files-2.1\io.github.llamalad7\mixinextras-neoforge\0.3.5\ef3ffcf309dae656517b2f120189b1c9b21737dd\mixinextras-neoforge-0.3.5.jar
[14Jun2024 18:22:48.121] [main/INFO] [net.neoforged.fml.loading.moddiscovery.locators.JarInJarDependencyLocator/]: No dependencies to load found. Skipping!
[14Jun2024 18:22:48.123] [main/DEBUG] [net.neoforged.fml.loading.moddiscovery.ModFileInfo/LOADING]: Found valid mod file neoforge-21.0.0-beta.jar with {minecraft} mods - versions {1.21}
[14Jun2024 18:22:48.126] [main/DEBUG] [net.neoforged.fml.loading.moddiscovery.ModFile/LOADING]: Loading mod file C:\Users\rjtub\Downloads\HoloScope\both\Pride Moths\Pride Moths Forge\.gradle\repositories\ng_dummy_ng\net\neoforged\neoforge\21.0.0-beta\neoforge-21.0.0-beta.jar with languages [LanguageSpec[languageName=minecraft, acceptedVersions=1]]
[14Jun2024 18:22:48.127] [main/DEBUG] [net.neoforged.fml.loading.moddiscovery.ModFileParser/LOADING]: Considering mod file candidate C:\Users\rjtub\Downloads\HoloScope\both\Pride Moths\Pride Moths Forge\build\resources\main
[14Jun2024 18:22:48.129] [main/DEBUG] [net.neoforged.fml.loading.moddiscovery.ModFileInfo/LOADING]: Found valid mod file main with {pridemoths} mods - versions {1.8.2}
[14Jun2024 18:22:48.129] [main/DEBUG] [net.neoforged.fml.loading.moddiscovery.ModFile/LOADING]: Loading mod file C:\Users\rjtub\Downloads\HoloScope\both\Pride Moths\Pride Moths Forge\build\resources\main with languages [LanguageSpec[languageName=javafml, acceptedVersions=[4,)]]
[14Jun2024 18:22:48.130] [main/DEBUG] [net.neoforged.fml.loading.moddiscovery.ModFileParser/LOADING]: Considering mod file candidate C:\Users\rjtub\.gradle\caches\modules-2\files-2.1\software.bernie.geckolib\geckolib-neoforge-1.21\4.5.5\9cacd3cc570c58a310fd729271719c9cb7b6e35a\geckolib-neoforge-1.21-4.5.5.jar
[14Jun2024 18:22:48.131] [main/DEBUG] [net.neoforged.fml.loading.moddiscovery.ModFileInfo/LOADING]: Found valid mod file geckolib-neoforge-1.21-4.5.5.jar with {geckolib} mods - versions {4.5.5}
[14Jun2024 18:22:48.131] [main/DEBUG] [net.neoforged.fml.loading.moddiscovery.ModFile/LOADING]: Loading mod file C:\Users\rjtub\.gradle\caches\modules-2\files-2.1\software.bernie.geckolib\geckolib-neoforge-1.21\4.5.5\9cacd3cc570c58a310fd729271719c9cb7b6e35a\geckolib-neoforge-1.21-4.5.5.jar with languages [LanguageSpec[languageName=javafml, acceptedVersions=[3,)]]
[14Jun2024 18:22:48.132] [main/DEBUG] [net.neoforged.fml.loading.moddiscovery.ModFile/LOADING]: Found mixin config geckolib.mixins.json
[14Jun2024 18:22:48.132] [main/DEBUG] [net.neoforged.fml.loading.moddiscovery.ModFileParser/LOADING]: Considering mod file candidate C:\Users\rjtub\Downloads\HoloScope\both\Pride Moths\Pride Moths Forge\.gradle\repositories\ng_dummy_ng\net\neoforged\neoforge\21.0.0-beta\neoforge-21.0.0-beta.jar
[14Jun2024 18:22:48.133] [main/DEBUG] [net.neoforged.fml.loading.moddiscovery.ModFileInfo/LOADING]: Found valid mod file neoforge-21.0.0-beta.jar with {neoforge} mods - versions {21.0.0-beta}
[14Jun2024 18:22:48.133] [main/DEBUG] [net.neoforged.fml.loading.moddiscovery.ModFile/LOADING]: Loading mod file C:\Users\rjtub\Downloads\HoloScope\both\Pride Moths\Pride Moths Forge\.gradle\repositories\ng_dummy_ng\net\neoforged\neoforge\21.0.0-beta\neoforge-21.0.0-beta.jar with languages [LanguageSpec[languageName=javafml, acceptedVersions=[3,]]]
[14Jun2024 18:22:48.135] [main/DEBUG] [net.neoforged.fml.loading.moddiscovery.ModFileParser/LOADING]: Found coremod field_to_method with Javascript path coremods/field_to_method.js
[14Jun2024 18:22:48.135] [main/DEBUG] [net.neoforged.fml.loading.moddiscovery.ModFileParser/LOADING]: Found coremod field_to_instanceof with Javascript path coremods/field_to_instanceof.js
[14Jun2024 18:22:48.136] [main/DEBUG] [net.neoforged.fml.loading.moddiscovery.ModFileParser/LOADING]: Found coremod add_bouncer_method with Javascript path coremods/add_bouncer_method.js
[14Jun2024 18:22:48.136] [main/DEBUG] [net.neoforged.fml.loading.moddiscovery.ModFileParser/LOADING]: Found coremod method_redirector with Javascript path coremods/method_redirector.js
[14Jun2024 18:22:48.136] [main/DEBUG] [net.neoforged.fml.loading.moddiscovery.ModFile/LOADING]: Loading mod file C:\Users\rjtub\.gradle\caches\modules-2\files-2.1\io.github.llamalad7\mixinextras-neoforge\0.3.5\ef3ffcf309dae656517b2f120189b1c9b21737dd\mixinextras-neoforge-0.3.5.jar with languages []
[14Jun2024 18:22:48.137] [main/DEBUG] [net.neoforged.fml.loading.moddiscovery.ModValidator/SCAN]: Found 5 mod files with 4 mods
[14Jun2024 18:22:48.138] [main/DEBUG] [cpw.mods.modlauncher.TransformationServiceDecorator/MODLAUNCHER]: End scan trigger - transformation service fml
[14Jun2024 18:22:48.144] [main/DEBUG] [net.neoforged.fml.util.ServiceLoaderUtil/CORE]: Found 3 implementations of IModLanguageLoader:
[14Jun2024 18:22:48.145] [main/DEBUG] [net.neoforged.fml.util.ServiceLoaderUtil/CORE]: 	net.neoforged.fml.javafmlmod.FMLJavaModLanguageProvider from loader-4.0.1.jar
[14Jun2024 18:22:48.145] [main/DEBUG] [net.neoforged.fml.util.ServiceLoaderUtil/CORE]: 	net.neoforged.fml.lowcodemod.LowCodeModLanguageProvider from loader-4.0.1.jar
[14Jun2024 18:22:48.145] [main/DEBUG] [net.neoforged.fml.util.ServiceLoaderUtil/CORE]: 	net.neoforged.fml.mclanguageprovider.MinecraftModLanguageProvider from loader-4.0.1.jar
[14Jun2024 18:22:48.146] [main/DEBUG] [net.neoforged.fml.loading.LanguageProviderLoader/CORE]: Found language provider javafml, version 4.0.1
[14Jun2024 18:22:48.147] [main/DEBUG] [net.neoforged.fml.loading.LanguageProviderLoader/CORE]: Found language provider lowcodefml, version 4.0.1
[14Jun2024 18:22:48.147] [main/DEBUG] [net.neoforged.fml.loading.LanguageProviderLoader/CORE]: Found language provider minecraft, version 4.0.1
[14Jun2024 18:22:48.151] [main/DEBUG] [net.neoforged.fml.loading.ModSorter/]: Configured system mods: [minecraft, neoforge]
[14Jun2024 18:22:48.151] [main/DEBUG] [net.neoforged.fml.loading.ModSorter/]: Found system mod: minecraft
[14Jun2024 18:22:48.151] [main/DEBUG] [net.neoforged.fml.loading.ModSorter/]: Found system mod: neoforge
[14Jun2024 18:22:48.152] [main/DEBUG] [net.neoforged.fml.loading.ModSorter/LOADING]: Found 5 mod requirements (5 mandatory, 0 optional)
[14Jun2024 18:22:48.153] [main/DEBUG] [net.neoforged.fml.loading.ModSorter/LOADING]: Found 0 mod requirements missing (0 mandatory, 0 optional)
[14Jun2024 18:22:48.162] [main/DEBUG] [net.neoforged.fml.loading.FMLLoader/SCAN]: Adding Access Transformer in C:\Users\rjtub\.gradle\caches\modules-2\files-2.1\software.bernie.geckolib\geckolib-neoforge-1.21\4.5.5\9cacd3cc570c58a310fd729271719c9cb7b6e35a\geckolib-neoforge-1.21-4.5.5.jar
[14Jun2024 18:22:48.165] [main/DEBUG] [AXFORM/AXFORM]: Loading access transformer accesstransformer.cfg
[14Jun2024 18:22:48.222] [main/DEBUG] [AXFORM/AXFORM]: Loaded access transformer accesstransformer.cfg
[14Jun2024 18:22:48.222] [main/DEBUG] [net.neoforged.fml.loading.FMLLoader/SCAN]: Adding Access Transformer in C:\Users\rjtub\Downloads\HoloScope\both\Pride Moths\Pride Moths Forge\.gradle\repositories\ng_dummy_ng\net\neoforged\neoforge\21.0.0-beta\neoforge-21.0.0-beta.jar
[14Jun2024 18:22:48.223] [main/DEBUG] [AXFORM/AXFORM]: Loading access transformer accesstransformer.cfg
[14Jun2024 18:22:48.259] [main/DEBUG] [AXFORM/AXFORM]: Loaded access transformer accesstransformer.cfg
[14Jun2024 18:22:48.261] [main/DEBUG] [mixin/]: Adding mixin platform agents for container net.neoforged.fml.loading.mixin.FMLMixinContainerHandle@37b72ea
[14Jun2024 18:22:48.262] [main/DEBUG] [mixin/]: Instancing new MixinPlatformAgentMinecraftForge for net.neoforged.fml.loading.mixin.FMLMixinContainerHandle@37b72ea
[14Jun2024 18:22:48.262] [main/DEBUG] [mixin/]: MixinPlatformAgentMinecraftForge rejected container net.neoforged.fml.loading.mixin.FMLMixinContainerHandle@37b72ea
[14Jun2024 18:22:48.262] [main/DEBUG] [mixin/]: Instancing new MixinPlatformAgentDefault for net.neoforged.fml.loading.mixin.FMLMixinContainerHandle@37b72ea
[14Jun2024 18:22:48.262] [main/DEBUG] [mixin/]: MixinPlatformAgentDefault accepted container net.neoforged.fml.loading.mixin.FMLMixinContainerHandle@37b72ea
[14Jun2024 18:22:48.262] [main/DEBUG] [mixin/]: Instancing new FMLMixinPlatformAgent for net.neoforged.fml.loading.mixin.FMLMixinContainerHandle@37b72ea
[14Jun2024 18:22:48.262] [main/DEBUG] [mixin/]: FMLMixinPlatformAgent accepted container net.neoforged.fml.loading.mixin.FMLMixinContainerHandle@37b72ea
[14Jun2024 18:22:48.270] [main/DEBUG] [cpw.mods.modlauncher.TransformationServicesHandler/MODLAUNCHER]: Transformation services loading transformers
[14Jun2024 18:22:48.271] [main/DEBUG] [cpw.mods.modlauncher.TransformationServiceDecorator/MODLAUNCHER]: Initializing transformers for transformation service mixin
[14Jun2024 18:22:48.271] [main/DEBUG] [cpw.mods.modlauncher.TransformationServiceDecorator/MODLAUNCHER]: Initialized transformers for transformation service mixin
[14Jun2024 18:22:48.271] [main/DEBUG] [cpw.mods.modlauncher.TransformationServiceDecorator/MODLAUNCHER]: Initializing transformers for transformation service mixin-synthetic-package
[14Jun2024 18:22:48.271] [main/DEBUG] [cpw.mods.modlauncher.TransformationServiceDecorator/MODLAUNCHER]: Initialized transformers for transformation service mixin-synthetic-package
[14Jun2024 18:22:48.271] [main/DEBUG] [cpw.mods.modlauncher.TransformationServiceDecorator/MODLAUNCHER]: Initializing transformers for transformation service fml
[14Jun2024 18:22:48.271] [main/DEBUG] [net.neoforged.fml.loading.FMLServiceProvider/LOADING]: Loading coremod transformers
[14Jun2024 18:22:48.272] [main/INFO] [net.neoforged.fml.loading.FMLServiceProvider/CORE]: Loading coremod script-engine for [neoforge]
[14Jun2024 18:22:48.274] [main/DEBUG] [net.neoforged.fml.loading.CoreModScriptLoader/CORE]: Loading coremod scripts
[14Jun2024 18:22:48.495] [main/DEBUG] [net.neoforged.coremod.CoreModScriptingEngine/COREMOD]: Loading CoreMod from coremods/field_to_method.js
[14Jun2024 18:22:48.606] [main/DEBUG] [net.neoforged.coremod.CoreModScriptingEngine/COREMOD]: CoreMod loaded successfully
[14Jun2024 18:22:48.607] [main/DEBUG] [net.neoforged.coremod.CoreModScriptingEngine/COREMOD]: Loading CoreMod from coremods/field_to_instanceof.js
[14Jun2024 18:22:48.663] [main/DEBUG] [net.neoforged.coremod.CoreModScriptingEngine/COREMOD]: CoreMod loaded successfully
[14Jun2024 18:22:48.663] [main/DEBUG] [net.neoforged.coremod.CoreModScriptingEngine/COREMOD]: Loading CoreMod from coremods/add_bouncer_method.js
[14Jun2024 18:22:48.698] [main/DEBUG] [net.neoforged.coremod.CoreModScriptingEngine/COREMOD]: CoreMod loaded successfully
[14Jun2024 18:22:48.698] [main/DEBUG] [net.neoforged.coremod.CoreModScriptingEngine/COREMOD]: Loading CoreMod from coremods/method_redirector.js
[14Jun2024 18:22:48.755] [main/DEBUG] [net.neoforged.coremod.CoreModScriptingEngine/COREMOD]: CoreMod loaded successfully
[14Jun2024 18:22:48.763] [main/DEBUG] [net.neoforged.fml.util.ServiceLoaderUtil/CORE]: Found 0 implementations of ICoreMod:
[14Jun2024 18:22:48.765] [main/DEBUG] [cpw.mods.modlauncher.TransformStore/MODLAUNCHER]: Adding transformer net.neoforged.coremod.transformer.CoreModClassTransformer@c017175 to Target : cpw.mods.modlauncher.api.TargetType@793138bd {Lnet/minecraft/world/level/biome/Biome;} {} {V}
[14Jun2024 18:22:48.766] [main/DEBUG] [cpw.mods.modlauncher.TransformStore/MODLAUNCHER]: Adding transformer net.neoforged.coremod.transformer.CoreModClassTransformer@5a8816cc to Target : cpw.mods.modlauncher.api.TargetType@793138bd {Lnet/minecraft/world/level/levelgen/structure/Structure;} {} {V}
[14Jun2024 18:22:48.766] [main/DEBUG] [cpw.mods.modlauncher.TransformStore/MODLAUNCHER]: Adding transformer net.neoforged.coremod.transformer.CoreModClassTransformer@68565bc7 to Target : cpw.mods.modlauncher.api.TargetType@793138bd {Lnet/minecraft/world/level/block/FlowerPotBlock;} {} {V}
[14Jun2024 18:22:48.766] [main/DEBUG] [cpw.mods.modlauncher.TransformStore/MODLAUNCHER]: Adding transformer net.neoforged.coremod.transformer.CoreModClassTransformer@37baddde to Target : cpw.mods.modlauncher.api.TargetType@793138bd {Lnet/minecraft/network/play/client/CClientSettingsPacket;} {} {V}
[14Jun2024 18:22:48.766] [main/DEBUG] [cpw.mods.modlauncher.TransformStore/MODLAUNCHER]: Adding transformer net.neoforged.coremod.transformer.CoreModClassTransformer@5115f590 to Target : cpw.mods.modlauncher.api.TargetType@793138bd {Lnet/minecraft/world/level/levelgen/structure/structures/SwampHutPiece;} {} {V}
[14Jun2024 18:22:48.766] [main/DEBUG] [cpw.mods.modlauncher.TransformStore/MODLAUNCHER]: Adding transformer net.neoforged.coremod.transformer.CoreModClassTransformer@5115f590 to Target : cpw.mods.modlauncher.api.TargetType@793138bd {Lnet/minecraft/world/entity/monster/Evoker$EvokerSummonSpellGoal;} {} {V}
[14Jun2024 18:22:48.766] [main/DEBUG] [cpw.mods.modlauncher.TransformStore/MODLAUNCHER]: Adding transformer net.neoforged.coremod.transformer.CoreModClassTransformer@5115f590 to Target : cpw.mods.modlauncher.api.TargetType@793138bd {Lnet/minecraft/world/entity/raid/Raid;} {} {V}
[14Jun2024 18:22:48.766] [main/DEBUG] [cpw.mods.modlauncher.TransformStore/MODLAUNCHER]: Adding transformer net.neoforged.coremod.transformer.CoreModClassTransformer@5115f590 to Target : cpw.mods.modlauncher.api.TargetType@793138bd {Lnet/minecraft/world/level/levelgen/structure/structures/OceanMonumentPieces$OceanMonumentPiece;} {} {V}
[14Jun2024 18:22:48.766] [main/DEBUG] [cpw.mods.modlauncher.TransformStore/MODLAUNCHER]: Adding transformer net.neoforged.coremod.transformer.CoreModClassTransformer@5115f590 to Target : cpw.mods.modlauncher.api.TargetType@793138bd {Lnet/minecraft/world/level/levelgen/structure/templatesystem/StructureTemplate;} {} {V}
[14Jun2024 18:22:48.766] [main/DEBUG] [cpw.mods.modlauncher.TransformStore/MODLAUNCHER]: Adding transformer net.neoforged.coremod.transformer.CoreModClassTransformer@5115f590 to Target : cpw.mods.modlauncher.api.TargetType@793138bd {Lnet/minecraft/world/level/levelgen/structure/structures/OceanRuinPieces$OceanRuinPiece;} {} {V}
[14Jun2024 18:22:48.766] [main/DEBUG] [cpw.mods.modlauncher.TransformStore/MODLAUNCHER]: Adding transformer net.neoforged.coremod.transformer.CoreModClassTransformer@5115f590 to Target : cpw.mods.modlauncher.api.TargetType@793138bd {Lnet/minecraft/world/entity/monster/Spider;} {} {V}
[14Jun2024 18:22:48.766] [main/DEBUG] [cpw.mods.modlauncher.TransformStore/MODLAUNCHER]: Adding transformer net.neoforged.coremod.transformer.CoreModClassTransformer@5115f590 to Target : cpw.mods.modlauncher.api.TargetType@793138bd {Lnet/minecraft/world/level/levelgen/PatrolSpawner;} {} {V}
[14Jun2024 18:22:48.766] [main/DEBUG] [cpw.mods.modlauncher.TransformStore/MODLAUNCHER]: Adding transformer net.neoforged.coremod.transformer.CoreModClassTransformer@5115f590 to Target : cpw.mods.modlauncher.api.TargetType@793138bd {Lnet/minecraft/world/entity/monster/Zombie;} {} {V}
[14Jun2024 18:22:48.766] [main/DEBUG] [cpw.mods.modlauncher.TransformStore/MODLAUNCHER]: Adding transformer net.neoforged.coremod.transformer.CoreModClassTransformer@5115f590 to Target : cpw.mods.modlauncher.api.TargetType@793138bd {Lnet/minecraft/server/commands/SummonCommand;} {} {V}
[14Jun2024 18:22:48.767] [main/DEBUG] [cpw.mods.modlauncher.TransformStore/MODLAUNCHER]: Adding transformer net.neoforged.coremod.transformer.CoreModClassTransformer@5115f590 to Target : cpw.mods.modlauncher.api.TargetType@793138bd {Lnet/minecraft/world/entity/EntityType;} {} {V}
[14Jun2024 18:22:48.767] [main/DEBUG] [cpw.mods.modlauncher.TransformStore/MODLAUNCHER]: Adding transformer net.neoforged.coremod.transformer.CoreModClassTransformer@5115f590 to Target : cpw.mods.modlauncher.api.TargetType@793138bd {Lnet/minecraft/world/entity/monster/Strider;} {} {V}
[14Jun2024 18:22:48.767] [main/DEBUG] [cpw.mods.modlauncher.TransformStore/MODLAUNCHER]: Adding transformer net.neoforged.coremod.transformer.CoreModClassTransformer@5115f590 to Target : cpw.mods.modlauncher.api.TargetType@793138bd {Lnet/minecraft/world/level/levelgen/structure/structures/WoodlandMansionPieces$WoodlandMansionPiece;} {} {V}
[14Jun2024 18:22:48.767] [main/DEBUG] [cpw.mods.modlauncher.TransformStore/MODLAUNCHER]: Adding transformer net.neoforged.coremod.transformer.CoreModClassTransformer@5115f590 to Target : cpw.mods.modlauncher.api.TargetType@793138bd {Lnet/minecraft/world/entity/animal/horse/SkeletonTrapGoal;} {} {V}
[14Jun2024 18:22:48.767] [main/DEBUG] [cpw.mods.modlauncher.TransformStore/MODLAUNCHER]: Adding transformer net.neoforged.coremod.transformer.CoreModClassTransformer@5115f590 to Target : cpw.mods.modlauncher.api.TargetType@793138bd {Lnet/minecraft/server/commands/RaidCommand;} {} {V}
[14Jun2024 18:22:48.767] [main/DEBUG] [cpw.mods.modlauncher.TransformStore/MODLAUNCHER]: Adding transformer net.neoforged.coremod.transformer.CoreModClassTransformer@5115f590 to Target : cpw.mods.modlauncher.api.TargetType@793138bd {Lnet/minecraft/world/entity/npc/CatSpawner;} {} {V}
[14Jun2024 18:22:48.767] [main/DEBUG] [cpw.mods.modlauncher.TransformStore/MODLAUNCHER]: Adding transformer net.neoforged.coremod.transformer.CoreModClassTransformer@5115f590 to Target : cpw.mods.modlauncher.api.TargetType@793138bd {Lnet/minecraft/world/level/NaturalSpawner;} {} {V}
[14Jun2024 18:22:48.767] [main/DEBUG] [cpw.mods.modlauncher.TransformStore/MODLAUNCHER]: Adding transformer net.neoforged.coremod.transformer.CoreModClassTransformer@5115f590 to Target : cpw.mods.modlauncher.api.TargetType@793138bd {Lnet/minecraft/world/entity/ai/village/VillageSiege;} {} {V}
[14Jun2024 18:22:48.767] [main/DEBUG] [cpw.mods.modlauncher.TransformStore/MODLAUNCHER]: Adding transformer net.neoforged.coremod.transformer.CoreModClassTransformer@5115f590 to Target : cpw.mods.modlauncher.api.TargetType@793138bd {Lnet/minecraft/world/entity/monster/ZombieVillager;} {} {V}
[14Jun2024 18:22:48.767] [main/DEBUG] [cpw.mods.modlauncher.TransformStore/MODLAUNCHER]: Adding transformer net.neoforged.coremod.transformer.CoreModClassTransformer@5115f590 to Target : cpw.mods.modlauncher.api.TargetType@793138bd {Lnet/minecraft/world/entity/npc/Villager;} {} {V}
[14Jun2024 18:22:48.767] [main/DEBUG] [cpw.mods.modlauncher.TransformStore/MODLAUNCHER]: Adding transformer net.neoforged.coremod.transformer.CoreModClassTransformer@5115f590 to Target : cpw.mods.modlauncher.api.TargetType@793138bd {Lnet/minecraft/world/level/levelgen/PhantomSpawner;} {} {V}
[14Jun2024 18:22:48.767] [main/DEBUG] [cpw.mods.modlauncher.TransformStore/MODLAUNCHER]: Adding transformer net.neoforged.coremod.transformer.CoreModClassTransformer@5115f590 to Target : cpw.mods.modlauncher.api.TargetType@793138bd {Lnet/minecraft/world/entity/animal/frog/Tadpole;} {} {V}
[14Jun2024 18:22:48.767] [main/DEBUG] [cpw.mods.modlauncher.TransformationServiceDecorator/MODLAUNCHER]: Initialized transformers for transformation service fml
[14Jun2024 18:22:48.838] [main/DEBUG] [mixin/]: Processing prepare() for PlatformAgent[MixinPlatformAgentDefault:ModLauncher Root Container(ModLauncher:4f56a0a2)]
[14Jun2024 18:22:48.838] [main/DEBUG] [mixin/]: Processing prepare() for PlatformAgent[MixinPlatformAgentDefault:net.neoforged.fml.loading.mixin.FMLMixinContainerHandle@37b72ea]
[14Jun2024 18:22:48.838] [main/DEBUG] [mixin/]: Processing prepare() for PlatformAgent[FMLMixinPlatformAgent:null]
[14Jun2024 18:22:48.866] [main/DEBUG] [mixin/]: Compatibility level JAVA_17 specified by geckolib.mixins.json is higher than the maximum level supported by this version of mixin (JAVA_13).
[14Jun2024 18:22:48.871] [main/INFO] [mixin/]: Compatibility level set to JAVA_17
[14Jun2024 18:22:48.872] [main/DEBUG] [mixin/]: Processing launch tasks for PlatformAgent[MixinPlatformAgentDefault:ModLauncher Root Container(ModLauncher:4f56a0a2)]
[14Jun2024 18:22:48.872] [main/DEBUG] [mixin/]: Adding mixin platform agents for container SecureJarResource(mixinsynthetic)
[14Jun2024 18:22:48.872] [main/DEBUG] [mixin/]: Instancing new MixinPlatformAgentMinecraftForge for SecureJarResource(mixinsynthetic)
[14Jun2024 18:22:48.872] [main/DEBUG] [mixin/]: MixinPlatformAgentMinecraftForge rejected container SecureJarResource(mixinsynthetic)
[14Jun2024 18:22:48.872] [main/DEBUG] [mixin/]: Instancing new MixinPlatformAgentDefault for SecureJarResource(mixinsynthetic)
[14Jun2024 18:22:48.872] [main/DEBUG] [mixin/]: MixinPlatformAgentDefault accepted container SecureJarResource(mixinsynthetic)
[14Jun2024 18:22:48.872] [main/DEBUG] [mixin/]: Instancing new FMLMixinPlatformAgent for SecureJarResource(mixinsynthetic)
[14Jun2024 18:22:48.872] [main/DEBUG] [mixin/]: FMLMixinPlatformAgent rejected container SecureJarResource(mixinsynthetic)
[14Jun2024 18:22:48.872] [main/DEBUG] [mixin/]: Processing prepare() for PlatformAgent[MixinPlatformAgentDefault:SecureJarResource(mixinsynthetic)]
[14Jun2024 18:22:48.872] [main/DEBUG] [mixin/]: Adding mixin platform agents for container SecureJarResource(minecraft)
[14Jun2024 18:22:48.873] [main/DEBUG] [mixin/]: Instancing new MixinPlatformAgentMinecraftForge for SecureJarResource(minecraft)
[14Jun2024 18:22:48.873] [main/DEBUG] [mixin/]: MixinPlatformAgentMinecraftForge rejected container SecureJarResource(minecraft)
[14Jun2024 18:22:48.873] [main/DEBUG] [mixin/]: Instancing new MixinPlatformAgentDefault for SecureJarResource(minecraft)
[14Jun2024 18:22:48.873] [main/DEBUG] [mixin/]: MixinPlatformAgentDefault accepted container SecureJarResource(minecraft)
[14Jun2024 18:22:48.873] [main/DEBUG] [mixin/]: Instancing new FMLMixinPlatformAgent for SecureJarResource(minecraft)
[14Jun2024 18:22:48.873] [main/DEBUG] [mixin/]: FMLMixinPlatformAgent rejected container SecureJarResource(minecraft)
[14Jun2024 18:22:48.873] [main/DEBUG] [mixin/]: Processing prepare() for PlatformAgent[MixinPlatformAgentDefault:SecureJarResource(minecraft)]
[14Jun2024 18:22:48.873] [main/DEBUG] [mixin/]: Adding mixin platform agents for container SecureJarResource(pridemoths)
[14Jun2024 18:22:48.873] [main/DEBUG] [mixin/]: Instancing new MixinPlatformAgentMinecraftForge for SecureJarResource(pridemoths)
[14Jun2024 18:22:48.873] [main/DEBUG] [mixin/]: MixinPlatformAgentMinecraftForge rejected container SecureJarResource(pridemoths)
[14Jun2024 18:22:48.873] [main/DEBUG] [mixin/]: Instancing new MixinPlatformAgentDefault for SecureJarResource(pridemoths)
[14Jun2024 18:22:48.873] [main/DEBUG] [mixin/]: MixinPlatformAgentDefault accepted container SecureJarResource(pridemoths)
[14Jun2024 18:22:48.873] [main/DEBUG] [mixin/]: Instancing new FMLMixinPlatformAgent for SecureJarResource(pridemoths)
[14Jun2024 18:22:48.873] [main/DEBUG] [mixin/]: FMLMixinPlatformAgent rejected container SecureJarResource(pridemoths)
[14Jun2024 18:22:48.873] [main/DEBUG] [mixin/]: Processing prepare() for PlatformAgent[MixinPlatformAgentDefault:SecureJarResource(pridemoths)]
[14Jun2024 18:22:48.873] [main/DEBUG] [mixin/]: Adding mixin platform agents for container SecureJarResource(geckolib)
[14Jun2024 18:22:48.873] [main/DEBUG] [mixin/]: Instancing new MixinPlatformAgentMinecraftForge for SecureJarResource(geckolib)
[14Jun2024 18:22:48.873] [main/DEBUG] [mixin/]: MixinPlatformAgentMinecraftForge rejected container SecureJarResource(geckolib)
[14Jun2024 18:22:48.873] [main/DEBUG] [mixin/]: Instancing new MixinPlatformAgentDefault for SecureJarResource(geckolib)
[14Jun2024 18:22:48.873] [main/DEBUG] [mixin/]: MixinPlatformAgentDefault accepted container SecureJarResource(geckolib)
[14Jun2024 18:22:48.873] [main/DEBUG] [mixin/]: Instancing new FMLMixinPlatformAgent for SecureJarResource(geckolib)
[14Jun2024 18:22:48.873] [main/DEBUG] [mixin/]: FMLMixinPlatformAgent rejected container SecureJarResource(geckolib)
[14Jun2024 18:22:48.873] [main/DEBUG] [mixin/]: Processing prepare() for PlatformAgent[MixinPlatformAgentDefault:SecureJarResource(geckolib)]
[14Jun2024 18:22:48.873] [main/DEBUG] [mixin/]: Registering mixin config: geckolib.mixins.json
[14Jun2024 18:22:48.873] [main/DEBUG] [mixin/]: Adding mixin platform agents for container SecureJarResource(mixinextras.neoforge)
[14Jun2024 18:22:48.873] [main/DEBUG] [mixin/]: Instancing new MixinPlatformAgentMinecraftForge for SecureJarResource(mixinextras.neoforge)
[14Jun2024 18:22:48.873] [main/DEBUG] [mixin/]: MixinPlatformAgentMinecraftForge rejected container SecureJarResource(mixinextras.neoforge)
[14Jun2024 18:22:48.873] [main/DEBUG] [mixin/]: Instancing new MixinPlatformAgentDefault for SecureJarResource(mixinextras.neoforge)
[14Jun2024 18:22:48.873] [main/DEBUG] [mixin/]: MixinPlatformAgentDefault accepted container SecureJarResource(mixinextras.neoforge)
[14Jun2024 18:22:48.873] [main/DEBUG] [mixin/]: Instancing new FMLMixinPlatformAgent for SecureJarResource(mixinextras.neoforge)
[14Jun2024 18:22:48.873] [main/DEBUG] [mixin/]: FMLMixinPlatformAgent rejected container SecureJarResource(mixinextras.neoforge)
[14Jun2024 18:22:48.873] [main/DEBUG] [mixin/]: Processing prepare() for PlatformAgent[MixinPlatformAgentDefault:SecureJarResource(mixinextras.neoforge)]
[14Jun2024 18:22:48.873] [main/DEBUG] [mixin/]: Registering mixin config: mixinextras.init.mixins.json
[14Jun2024 18:22:48.874] [main/DEBUG] [mixin/]: inject() running with 7 agents
[14Jun2024 18:22:48.875] [main/DEBUG] [mixin/]: Processing inject() for PlatformAgent[MixinPlatformAgentDefault:ModLauncher Root Container(ModLauncher:4f56a0a2)]
[14Jun2024 18:22:48.875] [main/DEBUG] [mixin/]: Processing inject() for PlatformAgent[MixinPlatformAgentDefault:net.neoforged.fml.loading.mixin.FMLMixinContainerHandle@37b72ea]
[14Jun2024 18:22:48.875] [main/DEBUG] [mixin/]: Processing inject() for PlatformAgent[FMLMixinPlatformAgent:null]
[14Jun2024 18:22:48.875] [main/DEBUG] [mixin/]: Processing inject() for PlatformAgent[MixinPlatformAgentDefault:SecureJarResource(mixinsynthetic)]
[14Jun2024 18:22:48.875] [main/DEBUG] [mixin/]: Processing inject() for PlatformAgent[MixinPlatformAgentDefault:SecureJarResource(minecraft)]
[14Jun2024 18:22:48.875] [main/DEBUG] [mixin/]: Processing inject() for PlatformAgent[MixinPlatformAgentDefault:SecureJarResource(pridemoths)]
[14Jun2024 18:22:48.875] [main/DEBUG] [mixin/]: Processing inject() for PlatformAgent[MixinPlatformAgentDefault:SecureJarResource(geckolib)]
[14Jun2024 18:22:48.875] [main/DEBUG] [mixin/]: Processing inject() for PlatformAgent[MixinPlatformAgentDefault:SecureJarResource(mixinextras.neoforge)]
[14Jun2024 18:22:48.875] [main/INFO] [cpw.mods.modlauncher.LaunchServiceHandler/MODLAUNCHER]: Launching target 'forgeclientuserdev' with arguments [--version, 21.0.0-beta, --gameDir, ., --assetsDir, C:\Users\rjtub\.gradle\caches\minecraft\assets\1.21, --assetIndex, asset-index]
[14Jun2024 18:22:48.900] [main/DEBUG] [mixin/]: Error cleaning class output directory: .mixin.out
[14Jun2024 18:22:48.903] [main/DEBUG] [mixin/]: Preparing mixins for MixinEnvironment[DEFAULT]
[14Jun2024 18:22:48.903] [main/DEBUG] [mixin/]: Selecting config geckolib.mixins.json
[14Jun2024 18:22:48.906] [main/WARN] [mixin/]: Reference map 'geckolib.refmap.json' for geckolib.mixins.json could not be read. If this is a development environment you can ignore this message
[14Jun2024 18:22:48.906] [main/DEBUG] [mixin/]: Selecting config mixinextras.init.mixins.json
[14Jun2024 18:22:48.929] [main/DEBUG] [MixinExtras|Service/]: com.llamalad7.mixinextras.service.MixinExtrasServiceImpl(version=0.3.5) is taking over from null
[14Jun2024 18:22:48.951] [main/DEBUG] [mixin/]: Registering new injector for @Inject with org.spongepowered.asm.mixin.injection.struct.CallbackInjectionInfo
[14Jun2024 18:22:48.952] [main/DEBUG] [mixin/]: Registering new injector for @ModifyArg with org.spongepowered.asm.mixin.injection.struct.ModifyArgInjectionInfo
[14Jun2024 18:22:48.952] [main/DEBUG] [mixin/]: Registering new injector for @ModifyArgs with org.spongepowered.asm.mixin.injection.struct.ModifyArgsInjectionInfo
[14Jun2024 18:22:48.953] [main/DEBUG] [mixin/]: Registering new injector for @Redirect with org.spongepowered.asm.mixin.injection.struct.RedirectInjectionInfo
[14Jun2024 18:22:48.954] [main/DEBUG] [mixin/]: Registering new injector for @ModifyVariable with org.spongepowered.asm.mixin.injection.struct.ModifyVariableInjectionInfo
[14Jun2024 18:22:48.955] [main/DEBUG] [mixin/]: Registering new injector for @ModifyConstant with org.spongepowered.asm.mixin.injection.struct.ModifyConstantInjectionInfo
[14Jun2024 18:22:48.965] [main/DEBUG] [mixin/]: Preparing geckolib.mixins.json (3)
[14Jun2024 18:22:48.976] [main/DEBUG] [net.neoforged.fml.common.asm.RuntimeDistCleaner/DISTXFORM]: Removing Class Annotation: net/minecraft/client/renderer/BlockEntityWithoutLevelRenderer @Lnet/neoforged/api/distmarker/OnlyIn;
[14Jun2024 18:22:48.986] [main/TRACE] [mixin/]: Added class metadata for net/minecraft/client/renderer/BlockEntityWithoutLevelRenderer to metadata cache
[14Jun2024 18:22:48.991] [main/DEBUG] [net.neoforged.fml.common.asm.RuntimeDistCleaner/DISTXFORM]: Removing Class Annotation: net/minecraft/client/renderer/entity/layers/HumanoidArmorLayer @Lnet/neoforged/api/distmarker/OnlyIn;
[14Jun2024 18:22:48.995] [main/TRACE] [mixin/]: Added class metadata for net/minecraft/client/renderer/entity/layers/HumanoidArmorLayer to metadata cache
[14Jun2024 18:22:48.996] [main/DEBUG] [net.neoforged.fml.common.asm.RuntimeDistCleaner/DISTXFORM]: Removing Class Annotation: net/minecraft/client/renderer/texture/TextureManager @Lnet/neoforged/api/distmarker/OnlyIn;
[14Jun2024 18:22:49.002] [main/TRACE] [mixin/]: Added class metadata for net/minecraft/client/renderer/texture/TextureManager to metadata cache
[14Jun2024 18:22:49.003] [main/DEBUG] [mixin/]: Preparing mixinextras.init.mixins.json (0)
[14Jun2024 18:22:49.010] [main/DEBUG] [net.neoforged.fml.common.asm.RuntimeDistCleaner/DISTXFORM]: Removing Class Annotation: net/minecraft/client/gui/screens/LoadingOverlay @Lnet/neoforged/api/distmarker/OnlyIn;
[14Jun2024 18:22:49.011] [main/DEBUG] [net.neoforged.fml.common.asm.RuntimeDistCleaner/DISTXFORM]: Removing Class Annotation: net/minecraft/client/gui/screens/Overlay @Lnet/neoforged/api/distmarker/OnlyIn;
[14Jun2024 18:22:49.011] [main/DEBUG] [net.neoforged.fml.common.asm.RuntimeDistCleaner/DISTXFORM]: Removing Class Annotation: net/minecraft/client/gui/components/Renderable @Lnet/neoforged/api/distmarker/OnlyIn;
[14Jun2024 18:22:49.012] [main/DEBUG] [net.neoforged.fml.common.asm.RuntimeDistCleaner/DISTXFORM]: Removing Class Annotation: net/minecraft/client/renderer/texture/AbstractTexture @Lnet/neoforged/api/distmarker/OnlyIn;
[14Jun2024 18:22:49.013] [main/DEBUG] [net.neoforged.fml.common.asm.RuntimeDistCleaner/DISTXFORM]: Removing Class Annotation: net/minecraft/client/gui/screens/LoadingOverlay$LogoTexture @Lnet/neoforged/api/distmarker/OnlyIn;
[14Jun2024 18:22:49.013] [main/DEBUG] [net.neoforged.fml.common.asm.RuntimeDistCleaner/DISTXFORM]: Removing Class Annotation: net/minecraft/client/renderer/texture/SimpleTexture @Lnet/neoforged/api/distmarker/OnlyIn;
[14Jun2024 18:22:49.014] [main/DEBUG] [net.neoforged.fml.common.asm.RuntimeDistCleaner/DISTXFORM]: Removing Class Annotation: com/mojang/blaze3d/vertex/VertexConsumer @Lnet/neoforged/api/distmarker/OnlyIn;
[14Jun2024 18:22:49.016] [main/DEBUG] [net.neoforged.fml.common.asm.RuntimeDistCleaner/DISTXFORM]: Removing Class Annotation: net/minecraft/client/gui/GuiGraphics @Lnet/neoforged/api/distmarker/OnlyIn;
[14Jun2024 18:22:49.026] [main/DEBUG] [net.neoforged.accesstransformer.AccessTransformer/AXFORM]: Transforming net.minecraft.client.Minecraft FIELD textureManager to access PUBLIC and LEAVE
[14Jun2024 18:22:49.027] [main/DEBUG] [net.neoforged.fml.common.asm.RuntimeDistCleaner/DISTXFORM]: Removing Class Annotation: net/minecraft/client/Minecraft @Lnet/neoforged/api/distmarker/OnlyIn;
[14Jun2024 18:22:49.038] [main/DEBUG] [net.neoforged.fml.common.asm.RuntimeDistCleaner/DISTXFORM]: Removing Class Annotation: com/mojang/blaze3d/platform/WindowEventHandler @Lnet/neoforged/api/distmarker/OnlyIn;
[14Jun2024 18:22:49.041] [main/DEBUG] [net.neoforged.accesstransformer.AccessTransformer/AXFORM]: Transforming net.minecraft.util.thread.BlockableEventLoop METHOD submitAsync(Ljava/lang/Runnable;)Ljava/util/concurrent/CompletableFuture; to access PUBLIC and LEAVE
[14Jun2024 18:22:49.237] [main/DEBUG] [io.netty.util.internal.logging.InternalLoggerFactory/]: Using SLF4J as the default logging framework
[14Jun2024 18:22:49.239] [main/DEBUG] [io.netty.util.ResourceLeakDetector/]: -Dio.netty.leakDetection.level: simple
[14Jun2024 18:22:49.240] [main/DEBUG] [io.netty.util.ResourceLeakDetector/]: -Dio.netty.leakDetection.targetRecords: 4
[14Jun2024 18:22:49.997] [main/DEBUG] [oshi.util.FileUtil/]: No oshi.properties file found from ClassLoader cpw.mods.modlauncher.TransformingClassLoader@42aae04d
[14Jun2024 18:22:50.296] [Datafixer Bootstrap/INFO] [com.mojang.datafixers.DataFixerBuilder/]: 229 Datafixer optimizations took 328 milliseconds
[14Jun2024 18:22:50.463] [main/DEBUG] [oshi.util.FileUtil/]: No oshi.architecture.properties file found from ClassLoader cpw.mods.modlauncher.TransformingClassLoader@42aae04d
[14Jun2024 18:22:51.011] [pool-8-thread-1/DEBUG] [net.neoforged.coremod.transformer.CoreModBaseTransformer/COREMOD]: Transforming net/minecraft/world/level/block/FlowerPotBlock
[14Jun2024 18:22:51.043] [pool-8-thread-1/DEBUG] [net.neoforged.coremod.transformer.CoreModBaseTransformer/COREMOD]: Transforming net/minecraft/world/entity/EntityType
[14Jun2024 18:22:51.553] [pool-8-thread-1/DEBUG] [net.neoforged.coremod.transformer.CoreModBaseTransformer/COREMOD]: Transforming net/minecraft/world/level/biome/Biome
[14Jun2024 18:22:51.901] [pool-8-thread-1/DEBUG] [net.neoforged.coremod.transformer.CoreModBaseTransformer/COREMOD]: Transforming net/minecraft/world/entity/animal/frog/Tadpole
[14Jun2024 18:22:52.316] [pool-8-thread-1/DEBUG] [io.netty.util.internal.PlatformDependent0/]: -Dio.netty.noUnsafe: false
[14Jun2024 18:22:52.317] [pool-8-thread-1/DEBUG] [io.netty.util.internal.PlatformDependent0/]: Java version: 21
[14Jun2024 18:22:52.317] [pool-8-thread-1/DEBUG] [io.netty.util.internal.PlatformDependent0/]: sun.misc.Unsafe.theUnsafe: available
[14Jun2024 18:22:52.317] [pool-8-thread-1/DEBUG] [io.netty.util.internal.PlatformDependent0/]: sun.misc.Unsafe.copyMemory: available
[14Jun2024 18:22:52.318] [pool-8-thread-1/DEBUG] [io.netty.util.internal.PlatformDependent0/]: sun.misc.Unsafe.storeFence: available
[14Jun2024 18:22:52.318] [pool-8-thread-1/DEBUG] [io.netty.util.internal.PlatformDependent0/]: java.nio.Buffer.address: available
[14Jun2024 18:22:52.318] [pool-8-thread-1/DEBUG] [io.netty.util.internal.PlatformDependent0/]: java.nio.Bits.unaligned: available, true
[14Jun2024 18:22:52.319] [pool-8-thread-1/DEBUG] [io.netty.util.internal.PlatformDependent0/]: java.nio.DirectByteBuffer.<init>(long, {int,long}): unavailable
[14Jun2024 18:22:52.319] [pool-8-thread-1/DEBUG] [io.netty.util.internal.PlatformDependent/]: sun.misc.Unsafe: available
[14Jun2024 18:22:52.321] [pool-8-thread-1/DEBUG] [io.netty.util.internal.PlatformDependent/]: maxDirectMemory: 4208984064 bytes (maybe)
[14Jun2024 18:22:52.321] [pool-8-thread-1/DEBUG] [io.netty.util.internal.PlatformDependent/]: -Dio.netty.tmpdir: C:\Users\rjtub\AppData\Local\Temp (java.io.tmpdir)
[14Jun2024 18:22:52.321] [pool-8-thread-1/DEBUG] [io.netty.util.internal.PlatformDependent/]: -Dio.netty.bitMode: 64 (sun.arch.data.model)
[14Jun2024 18:22:52.321] [pool-8-thread-1/DEBUG] [io.netty.util.internal.PlatformDependent/]: Platform: Windows
[14Jun2024 18:22:52.321] [pool-8-thread-1/DEBUG] [io.netty.util.internal.PlatformDependent/]: -Dio.netty.maxDirectMemory: -1 bytes
[14Jun2024 18:22:52.321] [pool-8-thread-1/DEBUG] [io.netty.util.internal.PlatformDependent/]: -Dio.netty.uninitializedArrayAllocationThreshold: -1
[14Jun2024 18:22:52.322] [pool-8-thread-1/DEBUG] [io.netty.util.internal.CleanerJava9/]: java.nio.ByteBuffer.cleaner(): available
[14Jun2024 18:22:52.322] [pool-8-thread-1/DEBUG] [io.netty.util.internal.PlatformDependent/]: -Dio.netty.noPreferDirect: false
[14Jun2024 18:22:52.549] [pool-8-thread-1/DEBUG] [net.neoforged.coremod.transformer.CoreModBaseTransformer/COREMOD]: Transforming net/minecraft/world/entity/monster/Spider
[14Jun2024 18:22:52.587] [pool-8-thread-1/DEBUG] [net.neoforged.coremod.transformer.CoreModBaseTransformer/COREMOD]: Transforming net/minecraft/world/entity/monster/Zombie
[14Jun2024 18:22:52.616] [pool-8-thread-1/DEBUG] [net.neoforged.coremod.transformer.CoreModBaseTransformer/COREMOD]: Transforming net/minecraft/world/entity/monster/ZombieVillager
[14Jun2024 18:22:52.646] [pool-8-thread-1/DEBUG] [net.neoforged.coremod.transformer.CoreModBaseTransformer/COREMOD]: Transforming net/minecraft/world/entity/monster/Evoker$EvokerSummonSpellGoal
[14Jun2024 18:22:52.726] [pool-8-thread-1/DEBUG] [net.neoforged.coremod.transformer.CoreModBaseTransformer/COREMOD]: Transforming net/minecraft/world/entity/animal/horse/SkeletonTrapGoal
[14Jun2024 18:22:52.738] [pool-8-thread-1/DEBUG] [net.neoforged.coremod.transformer.CoreModBaseTransformer/COREMOD]: Transforming net/minecraft/world/entity/monster/Strider
[14Jun2024 18:22:52.763] [pool-8-thread-1/DEBUG] [net.neoforged.coremod.transformer.CoreModBaseTransformer/COREMOD]: Transforming net/minecraft/world/entity/npc/Villager
[14Jun2024 18:22:53.414] [pool-8-thread-1/DEBUG] [net.neoforged.coremod.transformer.CoreModBaseTransformer/COREMOD]: Transforming net/minecraft/world/level/levelgen/structure/Structure
[14Jun2024 18:22:53.438] [pool-8-thread-1/DEBUG] [net.neoforged.coremod.transformer.CoreModBaseTransformer/COREMOD]: Transforming net/minecraft/world/level/levelgen/structure/structures/OceanRuinPieces$OceanRuinPiece
[14Jun2024 18:22:53.446] [pool-8-thread-1/DEBUG] [net.neoforged.coremod.transformer.CoreModBaseTransformer/COREMOD]: Transforming net/minecraft/world/level/levelgen/structure/structures/SwampHutPiece
[14Jun2024 18:22:53.451] [pool-8-thread-1/DEBUG] [net.neoforged.coremod.transformer.CoreModBaseTransformer/COREMOD]: Transforming net/minecraft/world/level/levelgen/structure/structures/OceanMonumentPieces$OceanMonumentPiece
[14Jun2024 18:22:53.462] [pool-8-thread-1/DEBUG] [net.neoforged.coremod.transformer.CoreModBaseTransformer/COREMOD]: Transforming net/minecraft/world/level/levelgen/structure/structures/WoodlandMansionPieces$WoodlandMansionPiece
[14Jun2024 18:22:53.723] [pool-8-thread-1/DEBUG] [net.neoforged.neoforge.registries.GameData/REGISTRIES]: Creating vanilla freeze snapshot
[14Jun2024 18:22:53.748] [pool-8-thread-1/DEBUG] [net.neoforged.neoforge.registries.GameData/REGISTRIES]: Vanilla freeze snapshot created
[14Jun2024 18:22:54.126] [main/DEBUG] [net.neoforged.coremod.transformer.CoreModBaseTransformer/COREMOD]: Transforming net/minecraft/server/commands/SummonCommand
[14Jun2024 18:22:54.196] [main/DEBUG] [net.neoforged.coremod.transformer.CoreModBaseTransformer/COREMOD]: Transforming net/minecraft/server/commands/RaidCommand
[14Jun2024 18:22:54.242] [main/WARN] [net.minecraft.commands.Commands/]: Ambiguity between arguments [teleport, location] and [teleport, destination] with inputs: [0.1 -0.5 .9, 0 0 0]
[14Jun2024 18:22:54.244] [main/WARN] [net.minecraft.commands.Commands/]: Ambiguity between arguments [teleport, location] and [teleport, targets] with inputs: [0.1 -0.5 .9, 0 0 0]
[14Jun2024 18:22:54.245] [main/WARN] [net.minecraft.commands.Commands/]: Ambiguity between arguments [teleport, destination] and [teleport, targets] with inputs: [Player, 0123, @e, dd12be42-52a9-4a91-a8a1-11c01849e498]
[14Jun2024 18:22:54.246] [main/WARN] [net.minecraft.commands.Commands/]: Ambiguity between arguments [teleport, targets] and [teleport, destination] with inputs: [Player, 0123, dd12be42-52a9-4a91-a8a1-11c01849e498]
[14Jun2024 18:22:54.247] [main/WARN] [net.minecraft.commands.Commands/]: Ambiguity between arguments [teleport, targets, location] and [teleport, targets, destination] with inputs: [0.1 -0.5 .9, 0 0 0]
[14Jun2024 18:22:54.356] [Render thread/WARN] [net.minecraft.server.packs.VanillaPackResourcesBuilder/]: Assets URL 'union:/C:/Users/rjtub/Downloads/HoloScope/both/Pride%20Moths/Pride%20Moths%20Forge/.gradle/repositories/ng_dummy_ng/net/neoforged/neoforge/21.0.0-beta/neoforge-21.0.0-beta.jar%23192!/assets/.mcassetsroot' uses unexpected schema
[14Jun2024 18:22:54.356] [Render thread/WARN] [net.minecraft.server.packs.VanillaPackResourcesBuilder/]: Assets URL 'union:/C:/Users/rjtub/Downloads/HoloScope/both/Pride%20Moths/Pride%20Moths%20Forge/.gradle/repositories/ng_dummy_ng/net/neoforged/neoforge/21.0.0-beta/neoforge-21.0.0-beta.jar%23192!/data/.mcassetsroot' uses unexpected schema
[14Jun2024 18:22:54.376] [Render thread/INFO] [com.mojang.authlib.yggdrasil.YggdrasilAuthenticationService/]: Environment: Environment[sessionHost=https://sessionserver.mojang.com, servicesHost=https://api.minecraftservices.com, name=PROD]
[14Jun2024 18:22:54.385] [Render thread/INFO] [net.minecraft.client.Minecraft/]: Setting user: Dev
[14Jun2024 18:22:54.441] [Render thread/INFO] [net.minecraft.client.Minecraft/]: Backend library: LWJGL version 3.3.3+5
[14Jun2024 18:22:54.576] [Render thread/DEBUG] [net.neoforged.fml.ModWorkManager/LOADING]: Using 20 threads for parallel mod-loading
[14Jun2024 18:22:54.587] [Render thread/DEBUG] [net.neoforged.fml.javafmlmod.FMLModContainer/LOADING]: Creating FMLModContainer instance for [net.dakotapride.pridemoths.PrideMothsMod]
[14Jun2024 18:22:54.589] [Render thread/DEBUG] [net.neoforged.fml.javafmlmod.FMLModContainer/LOADING]: Creating FMLModContainer instance for [software.bernie.geckolib.GeckoLib]
[14Jun2024 18:22:54.590] [Render thread/DEBUG] [net.neoforged.fml.javafmlmod.FMLModContainer/LOADING]: Creating FMLModContainer instance for [net.neoforged.neoforge.common.NeoForgeMod, net.neoforged.neoforge.client.ClientNeoForgeMod]
[14Jun2024 18:22:54.610] [modloading-worker-0/DEBUG] [GeckoLib/]: Loaded software.bernie.geckolib.platform.GeckoLibNeoForge@af65b7 for service interface software.bernie.geckolib.service.GeckoLibPlatform
[14Jun2024 18:22:54.611] [modloading-worker-0/DEBUG] [GeckoLib/]: Loaded software.bernie.geckolib.network.GeckoLibNetworkingNeoForge@258439d9 for service interface software.bernie.geckolib.service.GeckoLibNetworking
[14Jun2024 18:22:54.613] [modloading-worker-0/DEBUG] [net.neoforged.neoforge.internal.versions.neoforge.NeoForgeVersion/CORE]: Found NeoForge version 21.0.0-beta
[14Jun2024 18:22:54.614] [modloading-worker-0/DEBUG] [net.neoforged.neoforge.internal.versions.neoforge.NeoForgeVersion/CORE]: Found FML version 4.0.1
[14Jun2024 18:22:54.614] [modloading-worker-0/INFO] [net.neoforged.neoforge.common.NeoForgeMod/NEOFORGE-MOD]: NeoForge mod loading, version 21.0.0-beta, for MC 1.21
[14Jun2024 18:22:54.615] [modloading-worker-0/DEBUG] [net.neoforged.fml.javafmlmod.AutomaticEventSubscriber/LOADING]: Attempting to inject @EventBusSubscriber classes into the eventbus for geckolib
[14Jun2024 18:22:54.621] [modloading-worker-0/DEBUG] [net.neoforged.fml.config.ConfigTracker/CONFIG]: Config file pridemoths-common.toml for pridemoths tracking
[14Jun2024 18:22:54.621] [modloading-worker-0/DEBUG] [net.neoforged.fml.config.ConfigTracker/CONFIG]: Config file neoforge-client.toml for neoforge tracking
[14Jun2024 18:22:54.622] [modloading-worker-0/DEBUG] [net.neoforged.fml.config.ConfigTracker/CONFIG]: Config file neoforge-server.toml for neoforge tracking
[14Jun2024 18:22:54.622] [modloading-worker-0/DEBUG] [net.neoforged.fml.config.ConfigTracker/CONFIG]: Config file neoforge-common.toml for neoforge tracking
[14Jun2024 18:22:54.625] [modloading-worker-0/DEBUG] [net.neoforged.fml.javafmlmod.AutomaticEventSubscriber/LOADING]: Attempting to inject @EventBusSubscriber classes into the eventbus for pridemoths
[14Jun2024 18:22:54.626] [modloading-worker-0/DEBUG] [net.neoforged.fml.javafmlmod.AutomaticEventSubscriber/LOADING]: Auto-subscribing net.dakotapride.pridemoths.config.PrideMothsCommonConfig to MOD
[14Jun2024 18:22:54.627] [modloading-worker-0/DEBUG] [net.neoforged.fml.javafmlmod.AutomaticEventSubscriber/LOADING]: Auto-subscribing net.dakotapride.pridemoths.PrideMothsMod$ClientModEvents to MOD
[14Jun2024 18:22:54.628] [modloading-worker-0/DEBUG] [net.neoforged.fml.javafmlmod.AutomaticEventSubscriber/LOADING]: Auto-subscribing net.dakotapride.pridemoths.PrideMothsMod$ModEventBusEvents to MOD
[14Jun2024 18:22:54.651] [modloading-worker-0/DEBUG] [net.neoforged.fml.javafmlmod.AutomaticEventSubscriber/LOADING]: Attempting to inject @EventBusSubscriber classes into the eventbus for neoforge
[14Jun2024 18:22:54.653] [modloading-worker-0/DEBUG] [net.neoforged.fml.javafmlmod.AutomaticEventSubscriber/LOADING]: Auto-subscribing net.neoforged.neoforge.server.command.ConfigCommand to GAME
[14Jun2024 18:22:54.653] [modloading-worker-0/DEBUG] [net.neoforged.fml.javafmlmod.AutomaticEventSubscriber/LOADING]: Auto-subscribing net.neoforged.neoforge.network.filters.GenericPacketSplitter to MOD
[14Jun2024 18:22:54.673] [modloading-worker-0/DEBUG] [io.netty.buffer.AbstractByteBuf/]: -Dio.netty.buffer.checkAccessible: true
[14Jun2024 18:22:54.674] [modloading-worker-0/DEBUG] [io.netty.buffer.AbstractByteBuf/]: -Dio.netty.buffer.checkBounds: true
[14Jun2024 18:22:54.674] [modloading-worker-0/DEBUG] [io.netty.util.ResourceLeakDetectorFactory/]: Loaded default ResourceLeakDetector: io.netty.util.ResourceLeakDetector@31aa51ff
[14Jun2024 18:22:54.681] [modloading-worker-0/DEBUG] [io.netty.util.internal.InternalThreadLocalMap/]: -Dio.netty.threadLocalMap.stringBuilder.initialSize: 1024
[14Jun2024 18:22:54.681] [modloading-worker-0/DEBUG] [io.netty.util.internal.InternalThreadLocalMap/]: -Dio.netty.threadLocalMap.stringBuilder.maxSize: 4096
[14Jun2024 18:22:54.684] [modloading-worker-0/DEBUG] [io.netty.buffer.PooledByteBufAllocator/]: -Dio.netty.allocator.numHeapArenas: 40
[14Jun2024 18:22:54.684] [modloading-worker-0/DEBUG] [io.netty.buffer.PooledByteBufAllocator/]: -Dio.netty.allocator.numDirectArenas: 40
[14Jun2024 18:22:54.684] [modloading-worker-0/DEBUG] [io.netty.buffer.PooledByteBufAllocator/]: -Dio.netty.allocator.pageSize: 8192
[14Jun2024 18:22:54.684] [modloading-worker-0/DEBUG] [io.netty.buffer.PooledByteBufAllocator/]: -Dio.netty.allocator.maxOrder: 9
[14Jun2024 18:22:54.685] [modloading-worker-0/DEBUG] [io.netty.buffer.PooledByteBufAllocator/]: -Dio.netty.allocator.chunkSize: 4194304
[14Jun2024 18:22:54.685] [modloading-worker-0/DEBUG] [io.netty.buffer.PooledByteBufAllocator/]: -Dio.netty.allocator.smallCacheSize: 256
[14Jun2024 18:22:54.685] [modloading-worker-0/DEBUG] [io.netty.buffer.PooledByteBufAllocator/]: -Dio.netty.allocator.normalCacheSize: 64
[14Jun2024 18:22:54.685] [modloading-worker-0/DEBUG] [io.netty.buffer.PooledByteBufAllocator/]: -Dio.netty.allocator.maxCachedBufferCapacity: 32768
[14Jun2024 18:22:54.685] [modloading-worker-0/DEBUG] [io.netty.buffer.PooledByteBufAllocator/]: -Dio.netty.allocator.cacheTrimInterval: 8192
[14Jun2024 18:22:54.685] [modloading-worker-0/DEBUG] [io.netty.buffer.PooledByteBufAllocator/]: -Dio.netty.allocator.cacheTrimIntervalMillis: 0
[14Jun2024 18:22:54.685] [modloading-worker-0/DEBUG] [io.netty.buffer.PooledByteBufAllocator/]: -Dio.netty.allocator.useCacheForAllThreads: false
[14Jun2024 18:22:54.686] [modloading-worker-0/DEBUG] [io.netty.buffer.PooledByteBufAllocator/]: -Dio.netty.allocator.maxCachedByteBuffersPerChunk: 1023
[14Jun2024 18:22:54.694] [modloading-worker-0/DEBUG] [io.netty.buffer.ByteBufUtil/]: -Dio.netty.allocator.type: pooled
[14Jun2024 18:22:54.694] [modloading-worker-0/DEBUG] [io.netty.buffer.ByteBufUtil/]: -Dio.netty.threadLocalDirectBufferSize: 0
[14Jun2024 18:22:54.694] [modloading-worker-0/DEBUG] [io.netty.buffer.ByteBufUtil/]: -Dio.netty.maxThreadLocalCharBufferSize: 16384
[14Jun2024 18:22:54.701] [modloading-worker-0/DEBUG] [net.neoforged.fml.javafmlmod.AutomaticEventSubscriber/LOADING]: Auto-subscribing net.neoforged.neoforge.network.NetworkInitialization to MOD
[14Jun2024 18:22:54.701] [modloading-worker-0/DEBUG] [net.neoforged.fml.javafmlmod.AutomaticEventSubscriber/LOADING]: Auto-subscribing net.neoforged.neoforge.network.ConfigurationInitialization to MOD
[14Jun2024 18:22:54.704] [modloading-worker-0/DEBUG] [net.neoforged.fml.javafmlmod.AutomaticEventSubscriber/LOADING]: Auto-subscribing net.neoforged.neoforge.common.MonsterRoomHooks to GAME
[14Jun2024 18:22:54.705] [modloading-worker-0/DEBUG] [net.neoforged.fml.javafmlmod.AutomaticEventSubscriber/LOADING]: Auto-subscribing net.neoforged.neoforge.common.DeferredSpawnEggItem$CommonHandler to MOD
[14Jun2024 18:22:54.706] [modloading-worker-0/DEBUG] [net.neoforged.fml.javafmlmod.AutomaticEventSubscriber/LOADING]: Auto-subscribing net.neoforged.neoforge.common.DeferredSpawnEggItem$ColorRegisterHandler to MOD
[14Jun2024 18:22:54.706] [modloading-worker-0/DEBUG] [net.neoforged.fml.javafmlmod.AutomaticEventSubscriber/LOADING]: Auto-subscribing net.neoforged.neoforge.client.model.data.ModelDataManager to GAME
[14Jun2024 18:22:54.707] [modloading-worker-0/DEBUG] [net.neoforged.fml.javafmlmod.AutomaticEventSubscriber/LOADING]: Auto-subscribing net.neoforged.neoforge.client.ParticleBoundsDebugRenderer to GAME
[14Jun2024 18:22:54.710] [modloading-worker-0/DEBUG] [net.neoforged.fml.javafmlmod.AutomaticEventSubscriber/LOADING]: Auto-subscribing net.neoforged.neoforge.client.ClientHooks$ClientEvents to MOD
[14Jun2024 18:22:54.712] [modloading-worker-0/DEBUG] [net.neoforged.fml.javafmlmod.AutomaticEventSubscriber/LOADING]: Auto-subscribing net.neoforged.neoforge.client.BlockEntityRenderBoundsDebugRenderer to GAME
[14Jun2024 18:22:54.713] [modloading-worker-0/DEBUG] [net.neoforged.fml.javafmlmod.AutomaticEventSubscriber/LOADING]: Auto-subscribing net.neoforged.neoforge.attachment.AttachmentInternals to GAME
[14Jun2024 18:22:54.723] [modloading-sync-worker/DEBUG] [net.neoforged.neoforge.registries.GameData/REGISTRIES]: Unfreezing registries
[14Jun2024 18:22:54.835] [modloading-sync-worker/DEBUG] [net.neoforged.neoforge.registries.GameData/REGISTRIES]: Freezing registries
[14Jun2024 18:22:54.853] [modloading-sync-worker/DEBUG] [net.neoforged.neoforge.registries.GameData/REGISTRIES]: All registries frozen
[14Jun2024 18:22:54.892] [Render thread/INFO] [MixinExtras|Service/]: Initializing MixinExtras via com.llamalad7.mixinextras.service.MixinExtrasServiceImpl(version=0.3.5).
[14Jun2024 18:22:54.893] [Render thread/DEBUG] [mixin/]: Registering new injector for @SugarWrapper with com.llamalad7.mixinextras.sugar.impl.SugarWrapperInjectionInfo
[14Jun2024 18:22:54.893] [Render thread/DEBUG] [mixin/]: Registering new injector for @FactoryRedirectWrapper with com.llamalad7.mixinextras.wrapper.factory.FactoryRedirectWrapperInjectionInfo
[14Jun2024 18:22:54.895] [Render thread/DEBUG] [mixin/]: Mixing client.TextureManagerMixin from geckolib.mixins.json into net.minecraft.client.renderer.texture.TextureManager
[14Jun2024 18:22:54.897] [Render thread/DEBUG] [mixin/]: geckolib.mixins.json:client.TextureManagerMixin from mod geckolib: Class version 65 required is higher than the class version supported by the current version of Mixin (JAVA_17 supports class version 61)
[14Jun2024 18:22:55.079] [Render thread/DEBUG] [mixin/]: Mixing client.BlockEntityWithoutLevelRendererMixin from geckolib.mixins.json into net.minecraft.client.renderer.BlockEntityWithoutLevelRenderer
[14Jun2024 18:22:55.079] [Render thread/DEBUG] [mixin/]: geckolib.mixins.json:client.BlockEntityWithoutLevelRendererMixin from mod geckolib: Class version 65 required is higher than the class version supported by the current version of Mixin (JAVA_17 supports class version 61)
[14Jun2024 18:22:55.089] [Render thread/DEBUG] [mixin/]: geckolib.mixins.json:client.BlockEntityWithoutLevelRendererMixin from mod geckolib->@Inject::geckolib$renderGeckolibItem(Lnet/minecraft/world/item/ItemStack;Lnet/minecraft/world/item/ItemDisplayContext;Lcom/mojang/blaze3d/vertex/PoseStack;Lnet/minecraft/client/renderer/MultiBufferSource;IILorg/spongepowered/asm/mixin/injection/callback/CallbackInfo;)V does use it's CallbackInfo
[14Jun2024 18:22:55.249] [Render thread/INFO] [net.neoforged.neoforge.gametest.GameTestHooks/]: Enabled Gametest Namespaces: []
[14Jun2024 18:22:55.381] [Render thread/INFO] [net.minecraft.server.packs.resources.ReloadableResourceManager/]: Reloading ResourceManager: vanilla, mod_resources, mod/pridemoths, mod/geckolib, mod/neoforge
[14Jun2024 18:22:55.494] [Render thread/DEBUG] [net.neoforged.fml.config.ConfigTracker/CONFIG]: Loading configs type CLIENT
[14Jun2024 18:22:55.498] [Worker-Main-19/INFO] [net.minecraft.client.gui.font.providers.UnihexProvider/]: Found unifont_all_no_pua-15.1.05.hex, loading
[14Jun2024 18:22:55.498] [Render thread/DEBUG] [net.neoforged.fml.config.ConfigFileTypeHandler/CONFIG]: Built TOML config for C:\Users\rjtub\Downloads\HoloScope\both\Pride Moths\Pride Moths Forge\runs\client\config\neoforge-client.toml
[14Jun2024 18:22:55.509] [Render thread/DEBUG] [net.neoforged.fml.config.ConfigFileTypeHandler/CONFIG]: Loaded TOML config file C:\Users\rjtub\Downloads\HoloScope\both\Pride Moths\Pride Moths Forge\runs\client\config\neoforge-client.toml
[14Jun2024 18:22:55.525] [Worker-Main-4/INFO] [net.minecraft.client.gui.font.providers.UnihexProvider/]: Found unifont_jp_patch-15.1.05.hex, loading
[14Jun2024 18:22:55.529] [Render thread/DEBUG] [net.neoforged.fml.config.ConfigFileTypeHandler/CONFIG]: Watching TOML config file C:\Users\rjtub\Downloads\HoloScope\both\Pride Moths\Pride Moths Forge\runs\client\config\neoforge-client.toml for changes
[14Jun2024 18:22:55.533] [Render thread/WARN] [net.neoforged.neoforge.common.ModConfigSpec/CORE]: Configuration file C:\Users\rjtub\Downloads\HoloScope\both\Pride Moths\Pride Moths Forge\runs\client\config\neoforge-client.toml is not correct. Correcting
[14Jun2024 18:22:55.537] [Render thread/WARN] [net.neoforged.neoforge.common.ModConfigSpec/CORE]: Incorrect key client was corrected from null to its default, SimpleCommentedConfig:{}. 
[14Jun2024 18:22:55.538] [Render thread/WARN] [net.neoforged.neoforge.common.ModConfigSpec/CORE]: Incorrect key client.experimentalForgeLightPipelineEnabled was corrected from null to its default, false. 
[14Jun2024 18:22:55.538] [Render thread/DEBUG] [net.neoforged.neoforge.common.ModConfigSpec/CORE]: The comment on key client.experimentalForgeLightPipelineEnabled does not match the spec. This may create a backup.
[14Jun2024 18:22:55.538] [Render thread/WARN] [net.neoforged.neoforge.common.ModConfigSpec/CORE]: Incorrect key client.showLoadWarnings was corrected from null to its default, true. 
[14Jun2024 18:22:55.538] [Render thread/DEBUG] [net.neoforged.neoforge.common.ModConfigSpec/CORE]: The comment on key client.showLoadWarnings does not match the spec. This may create a backup.
[14Jun2024 18:22:55.538] [Render thread/WARN] [net.neoforged.neoforge.common.ModConfigSpec/CORE]: Incorrect key client.useCombinedDepthStencilAttachment was corrected from null to its default, false. 
[14Jun2024 18:22:55.538] [Render thread/DEBUG] [net.neoforged.neoforge.common.ModConfigSpec/CORE]: The comment on key client.useCombinedDepthStencilAttachment does not match the spec. This may create a backup.
[14Jun2024 18:22:55.538] [Render thread/DEBUG] [net.neoforged.neoforge.common.ModConfigSpec/CORE]: The comment on key client does not match the spec. This may create a backup.
[14Jun2024 18:22:55.547] [Thread-4/DEBUG] [net.neoforged.fml.config.ConfigFileTypeHandler/CONFIG]: Config file neoforge-client.toml changed, sending notifies
[14Jun2024 18:22:55.549] [Render thread/DEBUG] [net.neoforged.neoforge.common.NeoForgeConfig/FORGEMOD]: Loaded NeoForge config file neoforge-client.toml
[14Jun2024 18:22:55.549] [Thread-4/DEBUG] [net.neoforged.neoforge.common.NeoForgeConfig/FORGEMOD]: NeoForge config just got changed on the file system!
[14Jun2024 18:22:55.549] [Thread-4/DEBUG] [net.neoforged.fml.config.ConfigFileTypeHandler/CONFIG]: Config file neoforge-client.toml changed, sending notifies
[14Jun2024 18:22:55.549] [Thread-4/DEBUG] [net.neoforged.neoforge.common.NeoForgeConfig/FORGEMOD]: NeoForge config just got changed on the file system!
[14Jun2024 18:22:55.549] [Thread-4/DEBUG] [net.neoforged.fml.config.ConfigFileTypeHandler/CONFIG]: Config file neoforge-client.toml changed, sending notifies
[14Jun2024 18:22:55.550] [Thread-4/DEBUG] [net.neoforged.neoforge.common.NeoForgeConfig/FORGEMOD]: NeoForge config just got changed on the file system!
[14Jun2024 18:22:55.551] [Render thread/DEBUG] [net.neoforged.fml.config.ConfigTracker/CONFIG]: Loading configs type COMMON
[14Jun2024 18:22:55.552] [Render thread/DEBUG] [net.neoforged.fml.config.ConfigFileTypeHandler/CONFIG]: Built TOML config for C:\Users\rjtub\Downloads\HoloScope\both\Pride Moths\Pride Moths Forge\runs\client\config\pridemoths-common.toml
[14Jun2024 18:22:55.552] [Thread-4/DEBUG] [net.neoforged.fml.config.ConfigFileTypeHandler/CONFIG]: Config file neoforge-client.toml changed, sending notifies
[14Jun2024 18:22:55.552] [Thread-4/DEBUG] [net.neoforged.neoforge.common.NeoForgeConfig/FORGEMOD]: NeoForge config just got changed on the file system!
[14Jun2024 18:22:55.555] [Render thread/DEBUG] [net.neoforged.fml.config.ConfigFileTypeHandler/CONFIG]: Loaded TOML config file C:\Users\rjtub\Downloads\HoloScope\both\Pride Moths\Pride Moths Forge\runs\client\config\pridemoths-common.toml
[14Jun2024 18:22:55.555] [Render thread/DEBUG] [net.neoforged.fml.config.ConfigFileTypeHandler/CONFIG]: Watching TOML config file C:\Users\rjtub\Downloads\HoloScope\both\Pride Moths\Pride Moths Forge\runs\client\config\pridemoths-common.toml for changes
[14Jun2024 18:22:55.555] [Render thread/WARN] [net.neoforged.neoforge.common.ModConfigSpec/CORE]: Configuration file C:\Users\rjtub\Downloads\HoloScope\both\Pride Moths\Pride Moths Forge\runs\client\config\pridemoths-common.toml is not correct. Correcting
[14Jun2024 18:22:55.558] [Render thread/WARN] [net.neoforged.neoforge.common.ModConfigSpec/CORE]: Incorrect key Spawn Pride Variants Outside of Pride Month was corrected from null to its default, false. 
[14Jun2024 18:22:55.558] [Render thread/DEBUG] [net.neoforged.neoforge.common.ModConfigSpec/CORE]: The comment on key Spawn Pride Variants Outside of Pride Month does not match the spec. This may create a backup.
[14Jun2024 18:22:55.563] [Render thread/WARN] [net.neoforged.neoforge.common.ModConfigSpec/CORE]: Incorrect key Chance of a Moth Spawning as the Rare Variant was corrected from null to its default, 240. 
[14Jun2024 18:22:55.563] [Render thread/DEBUG] [net.neoforged.neoforge.common.ModConfigSpec/CORE]: The comment on key Chance of a Moth Spawning as the Rare Variant does not match the spec. This may create a backup.
[14Jun2024 18:22:55.566] [Render thread/WARN] [net.neoforged.neoforge.common.ModConfigSpec/CORE]: Incorrect key Chance of a Moth Spawning as the Rare Variant During Moth Week was corrected from null to its default, 120. 
[14Jun2024 18:22:55.567] [Render thread/DEBUG] [net.neoforged.neoforge.common.ModConfigSpec/CORE]: The comment on key Chance of a Moth Spawning as the Rare Variant During Moth Week does not match the spec. This may create a backup.
[14Jun2024 18:22:55.571] [Thread-4/DEBUG] [net.neoforged.fml.config.ConfigFileTypeHandler/CONFIG]: Config file pridemoths-common.toml changed, sending notifies
[14Jun2024 18:22:55.573] [Render thread/DEBUG] [net.neoforged.fml.config.ConfigFileTypeHandler/CONFIG]: Built TOML config for C:\Users\rjtub\Downloads\HoloScope\both\Pride Moths\Pride Moths Forge\runs\client\config\neoforge-common.toml
[14Jun2024 18:22:55.574] [Thread-4/DEBUG] [net.neoforged.fml.config.ConfigFileTypeHandler/CONFIG]: Config file pridemoths-common.toml changed, sending notifies
[14Jun2024 18:22:55.583] [Render thread/DEBUG] [net.neoforged.fml.config.ConfigFileTypeHandler/CONFIG]: Loaded TOML config file C:\Users\rjtub\Downloads\HoloScope\both\Pride Moths\Pride Moths Forge\runs\client\config\neoforge-common.toml
[14Jun2024 18:22:55.584] [Render thread/DEBUG] [net.neoforged.fml.config.ConfigFileTypeHandler/CONFIG]: Watching TOML config file C:\Users\rjtub\Downloads\HoloScope\both\Pride Moths\Pride Moths Forge\runs\client\config\neoforge-common.toml for changes
[14Jun2024 18:22:55.584] [Render thread/WARN] [net.neoforged.neoforge.common.ModConfigSpec/CORE]: Configuration file C:\Users\rjtub\Downloads\HoloScope\both\Pride Moths\Pride Moths Forge\runs\client\config\neoforge-common.toml is not correct. Correcting
[14Jun2024 18:22:55.587] [Render thread/WARN] [net.neoforged.neoforge.common.ModConfigSpec/CORE]: Incorrect key general was corrected from null to its default, SimpleCommentedConfig:{}. 
[14Jun2024 18:22:55.587] [Render thread/WARN] [net.neoforged.neoforge.common.ModConfigSpec/CORE]: Incorrect key general.logUntranslatedItemTagWarnings was corrected from null to its default, SILENCED. 
[14Jun2024 18:22:55.587] [Render thread/DEBUG] [net.neoforged.neoforge.common.ModConfigSpec/CORE]: The comment on key general.logUntranslatedItemTagWarnings does not match the spec. This may create a backup.
[14Jun2024 18:22:55.587] [Render thread/WARN] [net.neoforged.neoforge.common.ModConfigSpec/CORE]: Incorrect key general.logLegacyTagWarnings was corrected from null to its default, DEV_SHORT. 
[14Jun2024 18:22:55.588] [Render thread/DEBUG] [net.neoforged.neoforge.common.ModConfigSpec/CORE]: The comment on key general.logLegacyTagWarnings does not match the spec. This may create a backup.
[14Jun2024 18:22:55.588] [Render thread/DEBUG] [net.neoforged.neoforge.common.ModConfigSpec/CORE]: The comment on key general does not match the spec. This may create a backup.
[14Jun2024 18:22:55.591] [Thread-4/DEBUG] [net.neoforged.fml.config.ConfigFileTypeHandler/CONFIG]: Config file neoforge-common.toml changed, sending notifies
[14Jun2024 18:22:55.591] [Thread-4/DEBUG] [net.neoforged.neoforge.common.NeoForgeConfig/FORGEMOD]: NeoForge config just got changed on the file system!
[14Jun2024 18:22:55.593] [Render thread/DEBUG] [net.neoforged.neoforge.common.NeoForgeConfig/FORGEMOD]: Loaded NeoForge config file neoforge-common.toml
[14Jun2024 18:22:55.594] [Thread-4/DEBUG] [net.neoforged.fml.config.ConfigFileTypeHandler/CONFIG]: Config file neoforge-common.toml changed, sending notifies
[14Jun2024 18:22:55.594] [Thread-4/DEBUG] [net.neoforged.neoforge.common.NeoForgeConfig/FORGEMOD]: NeoForge config just got changed on the file system!
[14Jun2024 18:22:55.597] [Thread-4/DEBUG] [net.neoforged.fml.config.ConfigFileTypeHandler/CONFIG]: Config file neoforge-common.toml changed, sending notifies
[14Jun2024 18:22:55.597] [Thread-4/DEBUG] [net.neoforged.neoforge.common.NeoForgeConfig/FORGEMOD]: NeoForge config just got changed on the file system!
[14Jun2024 18:22:55.660] [Render thread/DEBUG] [net.neoforged.fml.DeferredWorkQueue/LOADING]: Dispatching synchronous work for work queue Common setup: 1 jobs
[14Jun2024 18:22:55.680] [Render thread/DEBUG] [net.neoforged.fml.DeferredWorkQueue/LOADING]: Synchronous work queue completed in 10.93 ms
[14Jun2024 18:22:55.767] [Worker-Main-2/DEBUG] [mixin/]: Mixing client.HumanoidArmorLayerMixin from geckolib.mixins.json into net.minecraft.client.renderer.entity.layers.HumanoidArmorLayer
[14Jun2024 18:22:55.768] [Worker-Main-2/DEBUG] [mixin/]: geckolib.mixins.json:client.HumanoidArmorLayerMixin from mod geckolib: Class version 65 required is higher than the class version supported by the current version of Mixin (JAVA_17 supports class version 61)
[14Jun2024 18:22:55.781] [Worker-Main-2/DEBUG] [mixin/]: geckolib.mixins.json:client.HumanoidArmorLayerMixin from mod geckolib->@Inject::geckolib$renderGeckoLibModel(Lcom/mojang/blaze3d/vertex/PoseStack;Lnet/minecraft/client/renderer/MultiBufferSource;Lnet/minecraft/world/entity/LivingEntity;Lnet/minecraft/world/entity/EquipmentSlot;ILnet/minecraft/client/model/HumanoidModel;Lorg/spongepowered/asm/mixin/injection/callback/CallbackInfo;)V does use it's CallbackInfo
[14Jun2024 18:22:56.581] [Render thread/WARN] [net.minecraft.client.sounds.SoundEngine/]: Missing sound for event: minecraft:item.goat_horn.play
[14Jun2024 18:22:56.581] [Render thread/WARN] [net.minecraft.client.sounds.SoundEngine/]: Missing sound for event: minecraft:entity.goat.screaming.horn_break
[14Jun2024 18:22:57.308] [Render thread/INFO] [com.mojang.blaze3d.audio.Library/]: OpenAL initialized on device OpenAL Soft on Speakers (Intel® Smart Sound Technology for MIPI SoundWire® Audio)
[14Jun2024 18:22:57.310] [Render thread/INFO] [net.minecraft.client.sounds.SoundEngine/SOUNDS]: Sound engine started
[14Jun2024 18:22:57.385] [Render thread/INFO] [net.minecraft.client.renderer.texture.TextureAtlas/]: Created: 1024x512x4 minecraft:textures/atlas/blocks.png-atlas
[14Jun2024 18:22:57.442] [Render thread/INFO] [net.minecraft.client.renderer.texture.TextureAtlas/]: Created: 256x256x4 minecraft:textures/atlas/signs.png-atlas
[14Jun2024 18:22:57.444] [Render thread/INFO] [net.minecraft.client.renderer.texture.TextureAtlas/]: Created: 512x512x4 minecraft:textures/atlas/banner_patterns.png-atlas
[14Jun2024 18:22:57.446] [Render thread/INFO] [net.minecraft.client.renderer.texture.TextureAtlas/]: Created: 512x512x4 minecraft:textures/atlas/shield_patterns.png-atlas
[14Jun2024 18:22:57.449] [Render thread/INFO] [net.minecraft.client.renderer.texture.TextureAtlas/]: Created: 1024x1024x4 minecraft:textures/atlas/armor_trims.png-atlas
[14Jun2024 18:22:57.472] [Render thread/INFO] [net.minecraft.client.renderer.texture.TextureAtlas/]: Created: 256x256x4 minecraft:textures/atlas/chest.png-atlas
[14Jun2024 18:22:57.473] [Render thread/INFO] [net.minecraft.client.renderer.texture.TextureAtlas/]: Created: 128x64x4 minecraft:textures/atlas/decorated_pot.png-atlas
[14Jun2024 18:22:57.475] [Render thread/INFO] [net.minecraft.client.renderer.texture.TextureAtlas/]: Created: 512x256x4 minecraft:textures/atlas/beds.png-atlas
[14Jun2024 18:22:57.476] [Render thread/INFO] [net.minecraft.client.renderer.texture.TextureAtlas/]: Created: 512x256x4 minecraft:textures/atlas/shulker_boxes.png-atlas
[14Jun2024 18:22:57.538] [Render thread/INFO] [net.minecraft.client.renderer.texture.TextureAtlas/]: Created: 512x256x0 minecraft:textures/atlas/particles.png-atlas
[14Jun2024 18:22:57.546] [Render thread/INFO] [net.minecraft.client.renderer.texture.TextureAtlas/]: Created: 512x256x0 minecraft:textures/atlas/paintings.png-atlas
[14Jun2024 18:22:57.548] [Render thread/INFO] [net.minecraft.client.renderer.texture.TextureAtlas/]: Created: 256x128x0 minecraft:textures/atlas/mob_effects.png-atlas
[14Jun2024 18:22:57.550] [Render thread/INFO] [net.minecraft.client.renderer.texture.TextureAtlas/]: Created: 64x64x0 minecraft:textures/atlas/map_decorations.png-atlas
[14Jun2024 18:22:57.552] [Render thread/INFO] [net.minecraft.client.renderer.texture.TextureAtlas/]: Created: 1024x512x0 minecraft:textures/atlas/gui.png-atlas
[14Jun2024 18:22:57.679] [Render thread/WARN] [net.minecraft.client.renderer.ShaderInstance/]: Shader rendertype_entity_translucent_emissive could not find sampler named Sampler2 in the specified shader program.
[14Jun2024 18:23:18.757] [Render thread/INFO] [net.minecraft.client.Minecraft/]: Stopping!
